cohort,validation,model_id,holdout_year,season_id,orchard_id,harvest_year,observed_yield,predicted_yield,error_kg_mu,fit_id,training_years,training_season_ids,prediction_context
MAIN,LOYO,Y-B0,2022,bannei_2022,bannei,2022,990,1306.23,316.23,MAIN_LOYO_outer_2022_Y-B0,2023;2024;2025;2026,bannei_2023;bannei_2024;bannei_2026;hongming_2023;hongming_2024;luhong_2023;luhong_2024;luhong_2025;luhong_2026,realized_weather_conditional; W2_retrospective_oracle; no_observed_future_pheno_in_W3
MAIN,LOYO,Y-B0,2022,hongming_2022,hongming,2022,1804.4,430.37,-1374.03,MAIN_LOYO_outer_2022_Y-B0,2023;2024;2025;2026,bannei_2023;bannei_2024;bannei_2026;hongming_2023;hongming_2024;luhong_2023;luhong_2024;luhong_2025;luhong_2026,realized_weather_conditional; W2_retrospective_oracle; no_observed_future_pheno_in_W3
MAIN,LOYO,Y-B0,2022,luhong_2022,luhong,2022,1691.64,1116.84,-574.8,MAIN_LOYO_outer_2022_Y-B0,2023;2024;2025;2026,bannei_2023;bannei_2024;bannei_2026;hongming_2023;hongming_2024;luhong_2023;luhong_2024;luhong_2025;luhong_2026,realized_weather_conditional; W2_retrospective_oracle; no_observed_future_pheno_in_W3
MAIN,LOYO,Y-B0,2023,bannei_2023,bannei,2023,1590,990,-600,MAIN_LOYO_outer_2023_Y-B0,2022;2024;2025;2026,bannei_2022;bannei_2024;bannei_2026;hongming_2022;hongming_2024;luhong_2022;luhong_2024;luhong_2025;luhong_2026,realized_weather_conditional; W2_retrospective_oracle; no_observed_future_pheno_in_W3
MAIN,LOYO,Y-B0,2023,hongming_2023,hongming,2023,753.6,955.77,202.17,MAIN_LOYO_outer_2023_Y-B0,2022;2024;2025;2026,bannei_2022;bannei_2024;bannei_2026;hongming_2022;hongming_2024;luhong_2022;luhong_2024;luhong_2025;luhong_2026,realized_weather_conditional; W2_retrospective_oracle; no_observed_future_pheno_in_W3
MAIN,LOYO,Y-B0,2023,luhong_2023,luhong,2023,783.55,1205.88,422.33,MAIN_LOYO_outer_2023_Y-B0,2022;2024;2025;2026,bannei_2022;bannei_2024;bannei_2026;hongming_2022;hongming_2024;luhong_2022;luhong_2024;luhong_2025;luhong_2026,realized_weather_conditional; W2_retrospective_oracle; no_observed_future_pheno_in_W3
MAIN,LOYO,Y-B0,2024,bannei_2024,bannei,2024,718.74,1306.23,587.49,MAIN_LOYO_outer_2024_Y-B0,2022;2023;2025;2026,bannei_2022;bannei_2023;bannei_2026;hongming_2022;hongming_2023;luhong_2022;luhong_2023;luhong_2025;luhong_2026,realized_weather_conditional; W2_retrospective_oracle; no_observed_future_pheno_in_W3
MAIN,LOYO,Y-B0,2024,hongming_2024,hongming,2024,107.14,1279,1171.86,MAIN_LOYO_outer_2024_Y-B0,2022;2023;2025;2026,bannei_2022;bannei_2023;bannei_2026;hongming_2022;hongming_2023;luhong_2022;luhong_2023;luhong_2025;luhong_2026,realized_weather_conditional; W2_retrospective_oracle; no_observed_future_pheno_in_W3
MAIN,LOYO,Y-B0,2024,luhong_2024,luhong,2024,1027.8,1205.88,178.08,MAIN_LOYO_outer_2024_Y-B0,2022;2023;2025;2026,bannei_2022;bannei_2023;bannei_2026;hongming_2022;hongming_2023;luhong_2022;luhong_2023;luhong_2025;luhong_2026,realized_weather_conditional; W2_retrospective_oracle; no_observed_future_pheno_in_W3
MAIN,LOYO,Y-B0,2025,luhong_2025,luhong,2025,1205.88,1116.84,-89.04,MAIN_LOYO_outer_2025_Y-B0,2022;2023;2024;2026,bannei_2022;bannei_2023;bannei_2024;bannei_2026;hongming_2022;hongming_2023;hongming_2024;luhong_2022;luhong_2023;luhong_2024;luhong_2026,realized_weather_conditional; W2_retrospective_oracle; no_observed_future_pheno_in_W3
MAIN,LOYO,Y-B0,2026,bannei_2026,bannei,2026,1306.23,990,-316.23,MAIN_LOYO_outer_2026_Y-B0,2022;2023;2024;2025,bannei_2022;bannei_2023;bannei_2024;hongming_2022;hongming_2023;hongming_2024;luhong_2022;luhong_2023;luhong_2024;luhong_2025,realized_weather_conditional; W2_retrospective_oracle; no_observed_future_pheno_in_W3
MAIN,LOYO,Y-B0,2026,luhong_2026,luhong,2026,1205.88,1116.84,-89.04,MAIN_LOYO_outer_2026_Y-B0,2022;2023;2024;2025,bannei_2022;bannei_2023;bannei_2024;hongming_2022;hongming_2023;hongming_2024;luhong_2022;luhong_2023;luhong_2024;luhong_2025,realized_weather_conditional; W2_retrospective_oracle; no_observed_future_pheno_in_W3
MAIN,LOYO,Y-W1C,2022,bannei_2022,bannei,2022,990,1363.502411,373.5024106,MAIN_LOYO_outer_2022_Y-W1C,2023;2024;2025;2026,bannei_2023;bannei_2024;bannei_2026;hongming_2023;hongming_2024;luhong_2023;luhong_2024;luhong_2025;luhong_2026,realized_weather_conditional; W2_retrospective_oracle; no_observed_future_pheno_in_W3
MAIN,LOYO,Y-W1C,2022,hongming_2022,hongming,2022,1804.4,714.5051886,-1089.894811,MAIN_LOYO_outer_2022_Y-W1C,2023;2024;2025;2026,bannei_2023;bannei_2024;bannei_2026;hongming_2023;hongming_2024;luhong_2023;luhong_2024;luhong_2025;luhong_2026,realized_weather_conditional; W2_retrospective_oracle; no_observed_future_pheno_in_W3
MAIN,LOYO,Y-W1C,2022,luhong_2022,luhong,2022,1691.64,1282.703306,-408.9366939,MAIN_LOYO_outer_2022_Y-W1C,2023;2024;2025;2026,bannei_2023;bannei_2024;bannei_2026;hongming_2023;hongming_2024;luhong_2023;luhong_2024;luhong_2025;luhong_2026,realized_weather_conditional; W2_retrospective_oracle; no_observed_future_pheno_in_W3
MAIN,LOYO,Y-W1C,2023,bannei_2023,bannei,2023,1590,1119.184259,-470.815741,MAIN_LOYO_outer_2023_Y-W1C,2022;2024;2025;2026,bannei_2022;bannei_2024;bannei_2026;hongming_2022;hongming_2024;luhong_2022;luhong_2024;luhong_2025;luhong_2026,realized_weather_conditional; W2_retrospective_oracle; no_observed_future_pheno_in_W3
MAIN,LOYO,Y-W1C,2023,hongming_2023,hongming,2023,753.6,1113.570068,359.9700676,MAIN_LOYO_outer_2023_Y-W1C,2022;2024;2025;2026,bannei_2022;bannei_2024;bannei_2026;hongming_2022;hongming_2024;luhong_2022;luhong_2024;luhong_2025;luhong_2026,realized_weather_conditional; W2_retrospective_oracle; no_observed_future_pheno_in_W3
MAIN,LOYO,Y-W1C,2023,luhong_2023,luhong,2023,783.55,1118.037373,334.4873734,MAIN_LOYO_outer_2023_Y-W1C,2022;2024;2025;2026,bannei_2022;bannei_2024;bannei_2026;hongming_2022;hongming_2024;luhong_2022;luhong_2024;luhong_2025;luhong_2026,realized_weather_conditional; W2_retrospective_oracle; no_observed_future_pheno_in_W3
MAIN,LOYO,Y-W1C,2024,bannei_2024,bannei,2024,718.74,1258.448932,539.708932,MAIN_LOYO_outer_2024_Y-W1C,2022;2023;2025;2026,bannei_2022;bannei_2023;bannei_2026;hongming_2022;hongming_2023;luhong_2022;luhong_2023;luhong_2025;luhong_2026,realized_weather_conditional; W2_retrospective_oracle; no_observed_future_pheno_in_W3
MAIN,LOYO,Y-W1C,2024,hongming_2024,hongming,2024,107.14,1256.020033,1148.880033,MAIN_LOYO_outer_2024_Y-W1C,2022;2023;2025;2026,bannei_2022;bannei_2023;bannei_2026;hongming_2022;hongming_2023;luhong_2022;luhong_2023;luhong_2025;luhong_2026,realized_weather_conditional; W2_retrospective_oracle; no_observed_future_pheno_in_W3
MAIN,LOYO,Y-W1C,2024,luhong_2024,luhong,2024,1027.8,1256.795819,228.9958194,MAIN_LOYO_outer_2024_Y-W1C,2022;2023;2025;2026,bannei_2022;bannei_2023;bannei_2026;hongming_2022;hongming_2023;luhong_2022;luhong_2023;luhong_2025;luhong_2026,realized_weather_conditional; W2_retrospective_oracle; no_observed_future_pheno_in_W3
MAIN,LOYO,Y-W1C,2025,luhong_2025,luhong,2025,1205.88,1090.859949,-115.0200509,MAIN_LOYO_outer_2025_Y-W1C,2022;2023;2024;2026,bannei_2022;bannei_2023;bannei_2024;bannei_2026;hongming_2022;hongming_2023;hongming_2024;luhong_2022;luhong_2023;luhong_2024;luhong_2026,realized_weather_conditional; W2_retrospective_oracle; no_observed_future_pheno_in_W3
MAIN,LOYO,Y-W1C,2026,bannei_2026,bannei,2026,1306.23,990.8920333,-315.3379667,MAIN_LOYO_outer_2026_Y-W1C,2022;2023;2024;2025,bannei_2022;bannei_2023;bannei_2024;hongming_2022;hongming_2023;hongming_2024;luhong_2022;luhong_2023;luhong_2024;luhong_2025,realized_weather_conditional; W2_retrospective_oracle; no_observed_future_pheno_in_W3
MAIN,LOYO,Y-W1C,2026,luhong_2026,luhong,2026,1205.88,1001.380479,-204.4995211,MAIN_LOYO_outer_2026_Y-W1C,2022;2023;2024;2025,bannei_2022;bannei_2023;bannei_2024;hongming_2022;hongming_2023;hongming_2024;luhong_2022;luhong_2023;luhong_2024;luhong_2025,realized_weather_conditional; W2_retrospective_oracle; no_observed_future_pheno_in_W3
MAIN,LOYO,Y-W1M,2022,bannei_2022,bannei,2022,990,896.1777791,-93.82222089,MAIN_LOYO_outer_2022_Y-W1M,2023;2024;2025;2026,bannei_2023;bannei_2024;bannei_2026;hongming_2023;hongming_2024;luhong_2023;luhong_2024;luhong_2025;luhong_2026,realized_weather_conditional; W2_retrospective_oracle; no_observed_future_pheno_in_W3
MAIN,LOYO,Y-W1M,2022,hongming_2022,hongming,2022,1804.4,498.2879923,-1306.112008,MAIN_LOYO_outer_2022_Y-W1M,2023;2024;2025;2026,bannei_2023;bannei_2024;bannei_2026;hongming_2023;hongming_2024;luhong_2023;luhong_2024;luhong_2025;luhong_2026,realized_weather_conditional; W2_retrospective_oracle; no_observed_future_pheno_in_W3
MAIN,LOYO,Y-W1M,2022,luhong_2022,luhong,2022,1691.64,815.2348337,-876.4051663,MAIN_LOYO_outer_2022_Y-W1M,2023;2024;2025;2026,bannei_2023;bannei_2024;bannei_2026;hongming_2023;hongming_2024;luhong_2023;luhong_2024;luhong_2025;luhong_2026,realized_weather_conditional; W2_retrospective_oracle; no_observed_future_pheno_in_W3
MAIN,LOYO,Y-W1M,2023,bannei_2023,bannei,2023,1590,1118.233977,-471.7660232,MAIN_LOYO_outer_2023_Y-W1M,2022;2024;2025;2026,bannei_2022;bannei_2024;bannei_2026;hongming_2022;hongming_2024;luhong_2022;luhong_2024;luhong_2025;luhong_2026,realized_weather_conditional; W2_retrospective_oracle; no_observed_future_pheno_in_W3
MAIN,LOYO,Y-W1M,2023,hongming_2023,hongming,2023,753.6,1114.018419,360.4184189,MAIN_LOYO_outer_2023_Y-W1M,2022;2024;2025;2026,bannei_2022;bannei_2024;bannei_2026;hongming_2022;hongming_2024;luhong_2022;luhong_2024;luhong_2025;luhong_2026,realized_weather_conditional; W2_retrospective_oracle; no_observed_future_pheno_in_W3
MAIN,LOYO,Y-W1M,2023,luhong_2023,luhong,2023,783.55,1117.432071,333.8820706,MAIN_LOYO_outer_2023_Y-W1M,2022;2024;2025;2026,bannei_2022;bannei_2024;bannei_2026;hongming_2022;hongming_2024;luhong_2022;luhong_2024;luhong_2025;luhong_2026,realized_weather_conditional; W2_retrospective_oracle; no_observed_future_pheno_in_W3
MAIN,LOYO,Y-W1M,2024,bannei_2024,bannei,2024,718.74,1259.026947,540.286947,MAIN_LOYO_outer_2024_Y-W1M,2022;2023;2025;2026,bannei_2022;bannei_2023;bannei_2026;hongming_2022;hongming_2023;luhong_2022;luhong_2023;luhong_2025;luhong_2026,realized_weather_conditional; W2_retrospective_oracle; no_observed_future_pheno_in_W3
MAIN,LOYO,Y-W1M,2024,hongming_2024,hongming,2024,107.14,1257.90148,1150.76148,MAIN_LOYO_outer_2024_Y-W1M,2022;2023;2025;2026,bannei_2022;bannei_2023;bannei_2026;hongming_2022;hongming_2023;luhong_2022;luhong_2023;luhong_2025;luhong_2026,realized_weather_conditional; W2_retrospective_oracle; no_observed_future_pheno_in_W3
MAIN,LOYO,Y-W1M,2024,luhong_2024,luhong,2024,1027.8,1255.669636,227.8696362,MAIN_LOYO_outer_2024_Y-W1M,2022;2023;2025;2026,bannei_2022;bannei_2023;bannei_2026;hongming_2022;hongming_2023;luhong_2022;luhong_2023;luhong_2025;luhong_2026,realized_weather_conditional; W2_retrospective_oracle; no_observed_future_pheno_in_W3
MAIN,LOYO,Y-W1M,2025,luhong_2025,luhong,2025,1205.88,1179.725176,-26.15482404,MAIN_LOYO_outer_2025_Y-W1M,2022;2023;2024;2026,bannei_2022;bannei_2023;bannei_2024;bannei_2026;hongming_2022;hongming_2023;hongming_2024;luhong_2022;luhong_2023;luhong_2024;luhong_2026,realized_weather_conditional; W2_retrospective_oracle; no_observed_future_pheno_in_W3
MAIN,LOYO,Y-W1M,2026,bannei_2026,bannei,2026,1306.23,1152.537753,-153.6922475,MAIN_LOYO_outer_2026_Y-W1M,2022;2023;2024;2025,bannei_2022;bannei_2023;bannei_2024;hongming_2022;hongming_2023;hongming_2024;luhong_2022;luhong_2023;luhong_2024;luhong_2025,realized_weather_conditional; W2_retrospective_oracle; no_observed_future_pheno_in_W3
MAIN,LOYO,Y-W1M,2026,luhong_2026,luhong,2026,1205.88,1316.810634,110.9306337,MAIN_LOYO_outer_2026_Y-W1M,2022;2023;2024;2025,bannei_2022;bannei_2023;bannei_2024;hongming_2022;hongming_2023;hongming_2024;luhong_2022;luhong_2023;luhong_2024;luhong_2025,realized_weather_conditional; W2_retrospective_oracle; no_observed_future_pheno_in_W3
MAIN,LOYO,Y-W2O,2022,bannei_2022,bannei,2022,990,610.6094271,-379.3905729,MAIN_LOYO_outer_2022_Y-W2O,2023;2024;2025;2026,bannei_2023;bannei_2024;bannei_2026;hongming_2023;hongming_2024;luhong_2023;luhong_2024;luhong_2025;luhong_2026,realized_weather_conditional; W2_retrospective_oracle; no_observed_future_pheno_in_W3
MAIN,LOYO,Y-W2O,2022,hongming_2022,hongming,2022,1804.4,416.1363947,-1388.263605,MAIN_LOYO_outer_2022_Y-W2O,2023;2024;2025;2026,bannei_2023;bannei_2024;bannei_2026;hongming_2023;hongming_2024;luhong_2023;luhong_2024;luhong_2025;luhong_2026,realized_weather_conditional; W2_retrospective_oracle; no_observed_future_pheno_in_W3
MAIN,LOYO,Y-W2O,2022,luhong_2022,luhong,2022,1691.64,838.9389325,-852.7010675,MAIN_LOYO_outer_2022_Y-W2O,2023;2024;2025;2026,bannei_2023;bannei_2024;bannei_2026;hongming_2023;hongming_2024;luhong_2023;luhong_2024;luhong_2025;luhong_2026,realized_weather_conditional; W2_retrospective_oracle; no_observed_future_pheno_in_W3
MAIN,LOYO,Y-W2O,2023,bannei_2023,bannei,2023,1590,1113.750445,-476.2495554,MAIN_LOYO_outer_2023_Y-W2O,2022;2024;2025;2026,bannei_2022;bannei_2024;bannei_2026;hongming_2022;hongming_2024;luhong_2022;luhong_2024;luhong_2025;luhong_2026,realized_weather_conditional; W2_retrospective_oracle; no_observed_future_pheno_in_W3
MAIN,LOYO,Y-W2O,2023,hongming_2023,hongming,2023,753.6,1109.105541,355.5055414,MAIN_LOYO_outer_2023_Y-W2O,2022;2024;2025;2026,bannei_2022;bannei_2024;bannei_2026;hongming_2022;hongming_2024;luhong_2022;luhong_2024;luhong_2025;luhong_2026,realized_weather_conditional; W2_retrospective_oracle; no_observed_future_pheno_in_W3
MAIN,LOYO,Y-W2O,2023,luhong_2023,luhong,2023,783.55,1121.090911,337.5409112,MAIN_LOYO_outer_2023_Y-W2O,2022;2024;2025;2026,bannei_2022;bannei_2024;bannei_2026;hongming_2022;hongming_2024;luhong_2022;luhong_2024;luhong_2025;luhong_2026,realized_weather_conditional; W2_retrospective_oracle; no_observed_future_pheno_in_W3
MAIN,LOYO,Y-W2O,2024,bannei_2024,bannei,2024,718.74,1261.172123,542.4321229,MAIN_LOYO_outer_2024_Y-W2O,2022;2023;2025;2026,bannei_2022;bannei_2023;bannei_2026;hongming_2022;hongming_2023;luhong_2022;luhong_2023;luhong_2025;luhong_2026,realized_weather_conditional; W2_retrospective_oracle; no_observed_future_pheno_in_W3
MAIN,LOYO,Y-W2O,2024,hongming_2024,hongming,2024,107.14,1257.608043,1150.468043,MAIN_LOYO_outer_2024_Y-W2O,2022;2023;2025;2026,bannei_2022;bannei_2023;bannei_2026;hongming_2022;hongming_2023;luhong_2022;luhong_2023;luhong_2025;luhong_2026,realized_weather_conditional; W2_retrospective_oracle; no_observed_future_pheno_in_W3
MAIN,LOYO,Y-W2O,2024,luhong_2024,luhong,2024,1027.8,1256.133167,228.333167,MAIN_LOYO_outer_2024_Y-W2O,2022;2023;2025;2026,bannei_2022;bannei_2023;bannei_2026;hongming_2022;hongming_2023;luhong_2022;luhong_2023;luhong_2025;luhong_2026,realized_weather_conditional; W2_retrospective_oracle; no_observed_future_pheno_in_W3
MAIN,LOYO,Y-W2O,2025,luhong_2025,luhong,2025,1205.88,1090.904144,-114.9758565,MAIN_LOYO_outer_2025_Y-W2O,2022;2023;2024;2026,bannei_2022;bannei_2023;bannei_2024;bannei_2026;hongming_2022;hongming_2023;hongming_2024;luhong_2022;luhong_2023;luhong_2024;luhong_2026,realized_weather_conditional; W2_retrospective_oracle; no_observed_future_pheno_in_W3
MAIN,LOYO,Y-W2O,2026,bannei_2026,bannei,2026,1306.23,1068.176162,-238.0538382,MAIN_LOYO_outer_2026_Y-W2O,2022;2023;2024;2025,bannei_2022;bannei_2023;bannei_2024;hongming_2022;hongming_2023;hongming_2024;luhong_2022;luhong_2023;luhong_2024;luhong_2025,realized_weather_conditional; W2_retrospective_oracle; no_observed_future_pheno_in_W3
MAIN,LOYO,Y-W2O,2026,luhong_2026,luhong,2026,1205.88,1080.788495,-125.0915049,MAIN_LOYO_outer_2026_Y-W2O,2022;2023;2024;2025,bannei_2022;bannei_2023;bannei_2024;hongming_2022;hongming_2023;hongming_2024;luhong_2022;luhong_2023;luhong_2024;luhong_2025,realized_weather_conditional; W2_retrospective_oracle; no_observed_future_pheno_in_W3
MAIN,LOYO,Y-W3P,2023,bannei_2023,bannei,2023,1590,1115.228489,-474.7715105,MAIN_LOYO_outer_2023_Y-W3P,2022;2024;2025;2026,bannei_2022;bannei_2024;bannei_2026;hongming_2022;hongming_2024;luhong_2022;luhong_2024;luhong_2025;luhong_2026,realized_weather_conditional; W2_retrospective_oracle; no_observed_future_pheno_in_W3
MAIN,LOYO,Y-W3P,2023,hongming_2023,hongming,2023,753.6,1111.34261,357.7426103,MAIN_LOYO_outer_2023_Y-W3P,2022;2024;2025;2026,bannei_2022;bannei_2024;bannei_2026;hongming_2022;hongming_2024;luhong_2022;luhong_2024;luhong_2025;luhong_2026,realized_weather_conditional; W2_retrospective_oracle; no_observed_future_pheno_in_W3
MAIN,LOYO,Y-W3P,2023,luhong_2023,luhong,2023,783.55,1119.474648,335.9246477,MAIN_LOYO_outer_2023_Y-W3P,2022;2024;2025;2026,bannei_2022;bannei_2024;bannei_2026;hongming_2022;hongming_2024;luhong_2022;luhong_2024;luhong_2025;luhong_2026,realized_weather_conditional; W2_retrospective_oracle; no_observed_future_pheno_in_W3
MAIN,LOYO,Y-W3P,2024,bannei_2024,bannei,2024,718.74,1259.911786,541.1717865,MAIN_LOYO_outer_2024_Y-W3P,2022;2023;2025;2026,bannei_2022;bannei_2023;bannei_2026;hongming_2022;hongming_2023;luhong_2022;luhong_2023;luhong_2025;luhong_2026,realized_weather_conditional; W2_retrospective_oracle; no_observed_future_pheno_in_W3
MAIN,LOYO,Y-W3P,2024,hongming_2024,hongming,2024,107.14,1257.758867,1150.618867,MAIN_LOYO_outer_2024_Y-W3P,2022;2023;2025;2026,bannei_2022;bannei_2023;bannei_2026;hongming_2022;hongming_2023;luhong_2022;luhong_2023;luhong_2025;luhong_2026,realized_weather_conditional; W2_retrospective_oracle; no_observed_future_pheno_in_W3
MAIN,LOYO,Y-W3P,2024,luhong_2024,luhong,2024,1027.8,1257.81505,230.0150505,MAIN_LOYO_outer_2024_Y-W3P,2022;2023;2025;2026,bannei_2022;bannei_2023;bannei_2026;hongming_2022;hongming_2023;luhong_2022;luhong_2023;luhong_2025;luhong_2026,realized_weather_conditional; W2_retrospective_oracle; no_observed_future_pheno_in_W3
MAIN,LOYO,Y-W3P,2026,bannei_2026,bannei,2026,1306.23,1070.865031,-235.3649686,MAIN_LOYO_outer_2026_Y-W3P,2022;2023;2024;2025,bannei_2022;bannei_2023;bannei_2024;hongming_2022;hongming_2023;hongming_2024;luhong_2022;luhong_2023;luhong_2024;luhong_2025,realized_weather_conditional; W2_retrospective_oracle; no_observed_future_pheno_in_W3
MAIN,LOYO,Y-W3P,2026,luhong_2026,luhong,2026,1205.88,1081.017128,-124.8628717,MAIN_LOYO_outer_2026_Y-W3P,2022;2023;2024;2025,bannei_2022;bannei_2023;bannei_2024;hongming_2022;hongming_2023;hongming_2024;luhong_2022;luhong_2023;luhong_2024;luhong_2025,realized_weather_conditional; W2_retrospective_oracle; no_observed_future_pheno_in_W3
MAIN,LOYO,Y-W3P+PHENO,2023,bannei_2023,bannei,2023,1590,1113.56138,-476.4386198,MAIN_LOYO_outer_2023_Y-W3P+PHENO,2022;2024;2025;2026,bannei_2022;bannei_2024;bannei_2026;hongming_2022;hongming_2024;luhong_2022;luhong_2024;luhong_2025;luhong_2026,realized_weather_conditional; W2_retrospective_oracle; no_observed_future_pheno_in_W3
MAIN,LOYO,Y-W3P+PHENO,2023,hongming_2023,hongming,2023,753.6,1113.005647,359.4056466,MAIN_LOYO_outer_2023_Y-W3P+PHENO,2022;2024;2025;2026,bannei_2022;bannei_2024;bannei_2026;hongming_2022;hongming_2024;luhong_2022;luhong_2024;luhong_2025;luhong_2026,realized_weather_conditional; W2_retrospective_oracle; no_observed_future_pheno_in_W3
MAIN,LOYO,Y-W3P+PHENO,2023,luhong_2023,luhong,2023,783.55,1124.28347,340.7334704,MAIN_LOYO_outer_2023_Y-W3P+PHENO,2022;2024;2025;2026,bannei_2022;bannei_2024;bannei_2026;hongming_2022;hongming_2024;luhong_2022;luhong_2024;luhong_2025;luhong_2026,realized_weather_conditional; W2_retrospective_oracle; no_observed_future_pheno_in_W3
MAIN,LOYO,Y-W3P+PHENO,2024,bannei_2024,bannei,2024,718.74,1258.399954,539.6599544,MAIN_LOYO_outer_2024_Y-W3P+PHENO,2022;2023;2025;2026,bannei_2022;bannei_2023;bannei_2026;hongming_2022;hongming_2023;luhong_2022;luhong_2023;luhong_2025;luhong_2026,realized_weather_conditional; W2_retrospective_oracle; no_observed_future_pheno_in_W3
MAIN,LOYO,Y-W3P+PHENO,2024,hongming_2024,hongming,2024,107.14,1256.806938,1149.666938,MAIN_LOYO_outer_2024_Y-W3P+PHENO,2022;2023;2025;2026,bannei_2022;bannei_2023;bannei_2026;hongming_2022;hongming_2023;luhong_2022;luhong_2023;luhong_2025;luhong_2026,realized_weather_conditional; W2_retrospective_oracle; no_observed_future_pheno_in_W3
MAIN,LOYO,Y-W3P+PHENO,2024,luhong_2024,luhong,2024,1027.8,1258.129554,230.3295544,MAIN_LOYO_outer_2024_Y-W3P+PHENO,2022;2023;2025;2026,bannei_2022;bannei_2023;bannei_2026;hongming_2022;hongming_2023;luhong_2022;luhong_2023;luhong_2025;luhong_2026,realized_weather_conditional; W2_retrospective_oracle; no_observed_future_pheno_in_W3
MAIN,LOYO,Y-W3P+PHENO,2026,bannei_2026,bannei,2026,1306.23,1068.345541,-237.8844587,MAIN_LOYO_outer_2026_Y-W3P+PHENO,2022;2023;2024;2025,bannei_2022;bannei_2023;bannei_2024;hongming_2022;hongming_2023;hongming_2024;luhong_2022;luhong_2023;luhong_2024;luhong_2025,realized_weather_conditional; W2_retrospective_oracle; no_observed_future_pheno_in_W3
MAIN,LOYO,Y-W3P+PHENO,2026,luhong_2026,luhong,2026,1205.88,1070.719605,-135.1603951,MAIN_LOYO_outer_2026_Y-W3P+PHENO,2022;2023;2024;2025,bannei_2022;bannei_2023;bannei_2024;hongming_2022;hongming_2023;hongming_2024;luhong_2022;luhong_2023;luhong_2024;luhong_2025,realized_weather_conditional; W2_retrospective_oracle; no_observed_future_pheno_in_W3
MAIN,rolling,Y-B0,2024,bannei_2024,bannei,2024,718.74,1290,571.26,MAIN_rolling_outer_2024_Y-B0,2022;2023,bannei_2022;bannei_2023;hongming_2022;hongming_2023;luhong_2022;luhong_2023,realized_weather_conditional; W2_retrospective_oracle; no_observed_future_pheno_in_W3
MAIN,rolling,Y-B0,2024,hongming_2024,hongming,2024,107.14,1279,1171.86,MAIN_rolling_outer_2024_Y-B0,2022;2023,bannei_2022;bannei_2023;hongming_2022;hongming_2023;luhong_2022;luhong_2023,realized_weather_conditional; W2_retrospective_oracle; no_observed_future_pheno_in_W3
MAIN,rolling,Y-B0,2024,luhong_2024,luhong,2024,1027.8,1237.595,209.795,MAIN_rolling_outer_2024_Y-B0,2022;2023,bannei_2022;bannei_2023;hongming_2022;hongming_2023;luhong_2022;luhong_2023,realized_weather_conditional; W2_retrospective_oracle; no_observed_future_pheno_in_W3
MAIN,rolling,Y-B0,2025,luhong_2025,luhong,2025,1205.88,1027.8,-178.08,MAIN_rolling_outer_2025_Y-B0,2022;2023;2024,bannei_2022;bannei_2023;bannei_2024;hongming_2022;hongming_2023;hongming_2024;luhong_2022;luhong_2023;luhong_2024,realized_weather_conditional; W2_retrospective_oracle; no_observed_future_pheno_in_W3
MAIN,rolling,Y-B0,2026,bannei_2026,bannei,2026,1306.23,990,-316.23,MAIN_rolling_outer_2026_Y-B0,2022;2023;2024;2025,bannei_2022;bannei_2023;bannei_2024;hongming_2022;hongming_2023;hongming_2024;luhong_2022;luhong_2023;luhong_2024;luhong_2025,realized_weather_conditional; W2_retrospective_oracle; no_observed_future_pheno_in_W3
MAIN,rolling,Y-B0,2026,luhong_2026,luhong,2026,1205.88,1116.84,-89.04,MAIN_rolling_outer_2026_Y-B0,2022;2023;2024;2025,bannei_2022;bannei_2023;bannei_2024;hongming_2022;hongming_2023;hongming_2024;luhong_2022;luhong_2023;luhong_2024;luhong_2025,realized_weather_conditional; W2_retrospective_oracle; no_observed_future_pheno_in_W3
MAIN,rolling,Y-W1C,2024,bannei_2024,bannei,2024,718.74,1270.063321,551.323321,MAIN_rolling_outer_2024_Y-W1C,2022;2023,bannei_2022;bannei_2023;hongming_2022;hongming_2023;luhong_2022;luhong_2023,realized_weather_conditional; W2_retrospective_oracle; no_observed_future_pheno_in_W3
MAIN,rolling,Y-W1C,2024,hongming_2024,hongming,2024,107.14,1266.653053,1159.513053,MAIN_rolling_outer_2024_Y-W1C,2022;2023,bannei_2022;bannei_2023;hongming_2022;hongming_2023;luhong_2022;luhong_2023,realized_weather_conditional; W2_retrospective_oracle; no_observed_future_pheno_in_W3
MAIN,rolling,Y-W1C,2024,luhong_2024,luhong,2024,1027.8,1269.78166,241.9816603,MAIN_rolling_outer_2024_Y-W1C,2022;2023,bannei_2022;bannei_2023;hongming_2022;hongming_2023;luhong_2022;luhong_2023,realized_weather_conditional; W2_retrospective_oracle; no_observed_future_pheno_in_W3
MAIN,rolling,Y-W1C,2025,luhong_2025,luhong,2025,1205.88,1021.170937,-184.7090627,MAIN_rolling_outer_2025_Y-W1C,2022;2023;2024,bannei_2022;bannei_2023;bannei_2024;hongming_2022;hongming_2023;hongming_2024;luhong_2022;luhong_2023;luhong_2024,realized_weather_conditional; W2_retrospective_oracle; no_observed_future_pheno_in_W3
MAIN,rolling,Y-W1C,2026,bannei_2026,bannei,2026,1306.23,990.8920333,-315.3379667,MAIN_rolling_outer_2026_Y-W1C,2022;2023;2024;2025,bannei_2022;bannei_2023;bannei_2024;hongming_2022;hongming_2023;hongming_2024;luhong_2022;luhong_2023;luhong_2024;luhong_2025,realized_weather_conditional; W2_retrospective_oracle; no_observed_future_pheno_in_W3
MAIN,rolling,Y-W1C,2026,luhong_2026,luhong,2026,1205.88,1001.380479,-204.4995211,MAIN_rolling_outer_2026_Y-W1C,2022;2023;2024;2025,bannei_2022;bannei_2023;bannei_2024;hongming_2022;hongming_2023;hongming_2024;luhong_2022;luhong_2023;luhong_2024;luhong_2025,realized_weather_conditional; W2_retrospective_oracle; no_observed_future_pheno_in_W3
MAIN,rolling,Y-W1M,2024,bannei_2024,bannei,2024,718.74,1267.71734,548.9773404,MAIN_rolling_outer_2024_Y-W1M,2022;2023,bannei_2022;bannei_2023;hongming_2022;hongming_2023;luhong_2022;luhong_2023,realized_weather_conditional; W2_retrospective_oracle; no_observed_future_pheno_in_W3
MAIN,rolling,Y-W1M,2024,hongming_2024,hongming,2024,107.14,1266.281064,1159.141064,MAIN_rolling_outer_2024_Y-W1M,2022;2023,bannei_2022;bannei_2023;hongming_2022;hongming_2023;luhong_2022;luhong_2023,realized_weather_conditional; W2_retrospective_oracle; no_observed_future_pheno_in_W3
MAIN,rolling,Y-W1M,2024,luhong_2024,luhong,2024,1027.8,1269.216657,241.4166572,MAIN_rolling_outer_2024_Y-W1M,2022;2023,bannei_2022;bannei_2023;hongming_2022;hongming_2023;luhong_2022;luhong_2023,realized_weather_conditional; W2_retrospective_oracle; no_observed_future_pheno_in_W3
MAIN,rolling,Y-W1M,2025,luhong_2025,luhong,2025,1205.88,1054.579524,-151.3004757,MAIN_rolling_outer_2025_Y-W1M,2022;2023;2024,bannei_2022;bannei_2023;bannei_2024;hongming_2022;hongming_2023;hongming_2024;luhong_2022;luhong_2023;luhong_2024,realized_weather_conditional; W2_retrospective_oracle; no_observed_future_pheno_in_W3
MAIN,rolling,Y-W1M,2026,bannei_2026,bannei,2026,1306.23,1152.537753,-153.6922475,MAIN_rolling_outer_2026_Y-W1M,2022;2023;2024;2025,bannei_2022;bannei_2023;bannei_2024;hongming_2022;hongming_2023;hongming_2024;luhong_2022;luhong_2023;luhong_2024;luhong_2025,realized_weather_conditional; W2_retrospective_oracle; no_observed_future_pheno_in_W3
MAIN,rolling,Y-W1M,2026,luhong_2026,luhong,2026,1205.88,1316.810634,110.9306337,MAIN_rolling_outer_2026_Y-W1M,2022;2023;2024;2025,bannei_2022;bannei_2023;bannei_2024;hongming_2022;hongming_2023;hongming_2024;luhong_2022;luhong_2023;luhong_2024;luhong_2025,realized_weather_conditional; W2_retrospective_oracle; no_observed_future_pheno_in_W3
MAIN,rolling,Y-W2O,2024,bannei_2024,bannei,2024,718.74,1269.513418,550.7734181,MAIN_rolling_outer_2024_Y-W2O,2022;2023,bannei_2022;bannei_2023;hongming_2022;hongming_2023;luhong_2022;luhong_2023,realized_weather_conditional; W2_retrospective_oracle; no_observed_future_pheno_in_W3
MAIN,rolling,Y-W2O,2024,hongming_2024,hongming,2024,107.14,1264.403148,1157.263148,MAIN_rolling_outer_2024_Y-W2O,2022;2023,bannei_2022;bannei_2023;hongming_2022;hongming_2023;luhong_2022;luhong_2023,realized_weather_conditional; W2_retrospective_oracle; no_observed_future_pheno_in_W3
MAIN,rolling,Y-W2O,2024,luhong_2024,luhong,2024,1027.8,1266.839183,239.0391833,MAIN_rolling_outer_2024_Y-W2O,2022;2023,bannei_2022;bannei_2023;hongming_2022;hongming_2023;luhong_2022;luhong_2023,realized_weather_conditional; W2_retrospective_oracle; no_observed_future_pheno_in_W3
MAIN,rolling,Y-W2O,2025,luhong_2025,luhong,2025,1205.88,1055.536008,-150.3439922,MAIN_rolling_outer_2025_Y-W2O,2022;2023;2024,bannei_2022;bannei_2023;bannei_2024;hongming_2022;hongming_2023;hongming_2024;luhong_2022;luhong_2023;luhong_2024,realized_weather_conditional; W2_retrospective_oracle; no_observed_future_pheno_in_W3
MAIN,rolling,Y-W2O,2026,bannei_2026,bannei,2026,1306.23,1068.176162,-238.0538382,MAIN_rolling_outer_2026_Y-W2O,2022;2023;2024;2025,bannei_2022;bannei_2023;bannei_2024;hongming_2022;hongming_2023;hongming_2024;luhong_2022;luhong_2023;luhong_2024;luhong_2025,realized_weather_conditional; W2_retrospective_oracle; no_observed_future_pheno_in_W3
MAIN,rolling,Y-W2O,2026,luhong_2026,luhong,2026,1205.88,1080.788495,-125.0915049,MAIN_rolling_outer_2026_Y-W2O,2022;2023;2024;2025,bannei_2022;bannei_2023;bannei_2024;hongming_2022;hongming_2023;hongming_2024;luhong_2022;luhong_2023;luhong_2024;luhong_2025,realized_weather_conditional; W2_retrospective_oracle; no_observed_future_pheno_in_W3
MAIN,rolling,Y-W3P,2025,luhong_2025,luhong,2025,1205.88,1050.397487,-155.482513,MAIN_rolling_outer_2025_Y-W3P,2022;2023;2024,bannei_2022;bannei_2023;bannei_2024;hongming_2022;hongming_2023;hongming_2024;luhong_2022;luhong_2023;luhong_2024,realized_weather_conditional; W2_retrospective_oracle; no_observed_future_pheno_in_W3
MAIN,rolling,Y-W3P,2026,bannei_2026,bannei,2026,1306.23,1070.865031,-235.3649686,MAIN_rolling_outer_2026_Y-W3P,2022;2023;2024;2025,bannei_2022;bannei_2023;bannei_2024;hongming_2022;hongming_2023;hongming_2024;luhong_2022;luhong_2023;luhong_2024;luhong_2025,realized_weather_conditional; W2_retrospective_oracle; no_observed_future_pheno_in_W3
MAIN,rolling,Y-W3P,2026,luhong_2026,luhong,2026,1205.88,1081.017128,-124.8628717,MAIN_rolling_outer_2026_Y-W3P,2022;2023;2024;2025,bannei_2022;bannei_2023;bannei_2024;hongming_2022;hongming_2023;hongming_2024;luhong_2022;luhong_2023;luhong_2024;luhong_2025,realized_weather_conditional; W2_retrospective_oracle; no_observed_future_pheno_in_W3
MAIN,rolling,Y-W3P+PHENO,2025,luhong_2025,luhong,2025,1205.88,1018.971173,-186.9088266,MAIN_rolling_outer_2025_Y-W3P+PHENO,2022;2023;2024,bannei_2022;bannei_2023;bannei_2024;hongming_2022;hongming_2023;hongming_2024;luhong_2022;luhong_2023;luhong_2024,realized_weather_conditional; W2_retrospective_oracle; no_observed_future_pheno_in_W3
MAIN,rolling,Y-W3P+PHENO,2026,bannei_2026,bannei,2026,1306.23,1068.345541,-237.8844587,MAIN_rolling_outer_2026_Y-W3P+PHENO,2022;2023;2024;2025,bannei_2022;bannei_2023;bannei_2024;hongming_2022;hongming_2023;hongming_2024;luhong_2022;luhong_2023;luhong_2024;luhong_2025,realized_weather_conditional; W2_retrospective_oracle; no_observed_future_pheno_in_W3
MAIN,rolling,Y-W3P+PHENO,2026,luhong_2026,luhong,2026,1205.88,1070.719605,-135.1603951,MAIN_rolling_outer_2026_Y-W3P+PHENO,2022;2023;2024;2025,bannei_2022;bannei_2023;bannei_2024;hongming_2022;hongming_2023;hongming_2024;luhong_2022;luhong_2023;luhong_2024;luhong_2025,realized_weather_conditional; W2_retrospective_oracle; no_observed_future_pheno_in_W3
SENS-HM25,LOYO,Y-B0,2022,bannei_2022,bannei,2022,990,1306.23,316.23,SENS-HM25_LOYO_outer_2022_Y-B0,2023;2024;2025;2026,bannei_2023;bannei_2024;bannei_2026;hongming_2023;hongming_2024;hongming_2025;luhong_2023;luhong_2024;luhong_2025;luhong_2026,realized_weather_conditional; W2_retrospective_oracle; no_observed_future_pheno_in_W3
SENS-HM25,LOYO,Y-B0,2022,hongming_2022,hongming,2022,1804.4,450.14,-1354.26,SENS-HM25_LOYO_outer_2022_Y-B0,2023;2024;2025;2026,bannei_2023;bannei_2024;bannei_2026;hongming_2023;hongming_2024;hongming_2025;luhong_2023;luhong_2024;luhong_2025;luhong_2026,realized_weather_conditional; W2_retrospective_oracle; no_observed_future_pheno_in_W3
SENS-HM25,LOYO,Y-B0,2022,luhong_2022,luhong,2022,1691.64,1116.84,-574.8,SENS-HM25_LOYO_outer_2022_Y-B0,2023;2024;2025;2026,bannei_2023;bannei_2024;bannei_2026;hongming_2023;hongming_2024;hongming_2025;luhong_2023;luhong_2024;luhong_2025;luhong_2026,realized_weather_conditional; W2_retrospective_oracle; no_observed_future_pheno_in_W3
SENS-HM25,LOYO,Y-B0,2023,bannei_2023,bannei,2023,1590,990,-600,SENS-HM25_LOYO_outer_2023_Y-B0,2022;2024;2025;2026,bannei_2022;bannei_2024;bannei_2026;hongming_2022;hongming_2024;hongming_2025;luhong_2022;luhong_2024;luhong_2025;luhong_2026,realized_weather_conditional; W2_retrospective_oracle; no_observed_future_pheno_in_W3
SENS-HM25,LOYO,Y-B0,2023,hongming_2023,hongming,2023,753.6,450.14,-303.46,SENS-HM25_LOYO_outer_2023_Y-B0,2022;2024;2025;2026,bannei_2022;bannei_2024;bannei_2026;hongming_2022;hongming_2024;hongming_2025;luhong_2022;luhong_2024;luhong_2025;luhong_2026,realized_weather_conditional; W2_retrospective_oracle; no_observed_future_pheno_in_W3
SENS-HM25,LOYO,Y-B0,2023,luhong_2023,luhong,2023,783.55,1205.88,422.33,SENS-HM25_LOYO_outer_2023_Y-B0,2022;2024;2025;2026,bannei_2022;bannei_2024;bannei_2026;hongming_2022;hongming_2024;hongming_2025;luhong_2022;luhong_2024;luhong_2025;luhong_2026,realized_weather_conditional; W2_retrospective_oracle; no_observed_future_pheno_in_W3
SENS-HM25,LOYO,Y-B0,2024,bannei_2024,bannei,2024,718.74,1306.23,587.49,SENS-HM25_LOYO_outer_2024_Y-B0,2022;2023;2025;2026,bannei_2022;bannei_2023;bannei_2026;hongming_2022;hongming_2023;hongming_2025;luhong_2022;luhong_2023;luhong_2025;luhong_2026,realized_weather_conditional; W2_retrospective_oracle; no_observed_future_pheno_in_W3
SENS-HM25,LOYO,Y-B0,2024,hongming_2024,hongming,2024,107.14,753.6,646.46,SENS-HM25_LOYO_outer_2024_Y-B0,2022;2023;2025;2026,bannei_2022;bannei_2023;bannei_2026;hongming_2022;hongming_2023;hongming_2025;luhong_2022;luhong_2023;luhong_2025;luhong_2026,realized_weather_conditional; W2_retrospective_oracle; no_observed_future_pheno_in_W3
SENS-HM25,LOYO,Y-B0,2024,luhong_2024,luhong,2024,1027.8,1205.88,178.08,SENS-HM25_LOYO_outer_2024_Y-B0,2022;2023;2025;2026,bannei_2022;bannei_2023;bannei_2026;hongming_2022;hongming_2023;hongming_2025;luhong_2022;luhong_2023;luhong_2025;luhong_2026,realized_weather_conditional; W2_retrospective_oracle; no_observed_future_pheno_in_W3
SENS-HM25,LOYO,Y-B0,2025,luhong_2025,luhong,2025,1205.88,1116.84,-89.04,SENS-HM25_LOYO_outer_2025_Y-B0,2022;2023;2024;2026,bannei_2022;bannei_2023;bannei_2024;bannei_2026;hongming_2022;hongming_2023;hongming_2024;luhong_2022;luhong_2023;luhong_2024;luhong_2026,realized_weather_conditional; W2_retrospective_oracle; no_observed_future_pheno_in_W3
SENS-HM25,LOYO,Y-B0,2025,hongming_2025,hongming,2025,450.14,753.6,303.46,SENS-HM25_LOYO_outer_2025_Y-B0,2022;2023;2024;2026,bannei_2022;bannei_2023;bannei_2024;bannei_2026;hongming_2022;hongming_2023;hongming_2024;luhong_2022;luhong_2023;luhong_2024;luhong_2026,realized_weather_conditional; W2_retrospective_oracle; no_observed_future_pheno_in_W3
SENS-HM25,LOYO,Y-B0,2026,bannei_2026,bannei,2026,1306.23,990,-316.23,SENS-HM25_LOYO_outer_2026_Y-B0,2022;2023;2024;2025,bannei_2022;bannei_2023;bannei_2024;hongming_2022;hongming_2023;hongming_2024;hongming_2025;luhong_2022;luhong_2023;luhong_2024;luhong_2025,realized_weather_conditional; W2_retrospective_oracle; no_observed_future_pheno_in_W3
SENS-HM25,LOYO,Y-B0,2026,luhong_2026,luhong,2026,1205.88,1116.84,-89.04,SENS-HM25_LOYO_outer_2026_Y-B0,2022;2023;2024;2025,bannei_2022;bannei_2023;bannei_2024;hongming_2022;hongming_2023;hongming_2024;hongming_2025;luhong_2022;luhong_2023;luhong_2024;luhong_2025,realized_weather_conditional; W2_retrospective_oracle; no_observed_future_pheno_in_W3
SENS-HM25,LOYO,Y-W1C,2022,bannei_2022,bannei,2022,990,958.0587101,-31.94128995,SENS-HM25_LOYO_outer_2022_Y-W1C,2023;2024;2025;2026,bannei_2023;bannei_2024;bannei_2026;hongming_2023;hongming_2024;hongming_2025;luhong_2023;luhong_2024;luhong_2025;luhong_2026,realized_weather_conditional; W2_retrospective_oracle; no_observed_future_pheno_in_W3
SENS-HM25,LOYO,Y-W1C,2022,hongming_2022,hongming,2022,1804.4,205.7569562,-1598.643044,SENS-HM25_LOYO_outer_2022_Y-W1C,2023;2024;2025;2026,bannei_2023;bannei_2024;bannei_2026;hongming_2023;hongming_2024;hongming_2025;luhong_2023;luhong_2024;luhong_2025;luhong_2026,realized_weather_conditional; W2_retrospective_oracle; no_observed_future_pheno_in_W3
SENS-HM25,LOYO,Y-W1C,2022,luhong_2022,luhong,2022,1691.64,1088.322003,-603.3179968,SENS-HM25_LOYO_outer_2022_Y-W1C,2023;2024;2025;2026,bannei_2023;bannei_2024;bannei_2026;hongming_2023;hongming_2024;hongming_2025;luhong_2023;luhong_2024;luhong_2025;luhong_2026,realized_weather_conditional; W2_retrospective_oracle; no_observed_future_pheno_in_W3
SENS-HM25,LOYO,Y-W1C,2023,bannei_2023,bannei,2023,1590,1052.888669,-537.1113307,SENS-HM25_LOYO_outer_2023_Y-W1C,2022;2024;2025;2026,bannei_2022;bannei_2024;bannei_2026;hongming_2022;hongming_2024;hongming_2025;luhong_2022;luhong_2024;luhong_2025;luhong_2026,realized_weather_conditional; W2_retrospective_oracle; no_observed_future_pheno_in_W3
SENS-HM25,LOYO,Y-W1C,2023,hongming_2023,hongming,2023,753.6,1043.658179,290.0581789,SENS-HM25_LOYO_outer_2023_Y-W1C,2022;2024;2025;2026,bannei_2022;bannei_2024;bannei_2026;hongming_2022;hongming_2024;hongming_2025;luhong_2022;luhong_2024;luhong_2025;luhong_2026,realized_weather_conditional; W2_retrospective_oracle; no_observed_future_pheno_in_W3
SENS-HM25,LOYO,Y-W1C,2023,luhong_2023,luhong,2023,783.55,1052.430756,268.8807564,SENS-HM25_LOYO_outer_2023_Y-W1C,2022;2024;2025;2026,bannei_2022;bannei_2024;bannei_2026;hongming_2022;hongming_2024;hongming_2025;luhong_2022;luhong_2024;luhong_2025;luhong_2026,realized_weather_conditional; W2_retrospective_oracle; no_observed_future_pheno_in_W3
SENS-HM25,LOYO,Y-W1C,2024,bannei_2024,bannei,2024,718.74,1180.088837,461.3488366,SENS-HM25_LOYO_outer_2024_Y-W1C,2022;2023;2025;2026,bannei_2022;bannei_2023;bannei_2026;hongming_2022;hongming_2023;hongming_2025;luhong_2022;luhong_2023;luhong_2025;luhong_2026,realized_weather_conditional; W2_retrospective_oracle; no_observed_future_pheno_in_W3
SENS-HM25,LOYO,Y-W1C,2024,hongming_2024,hongming,2024,107.14,1172.399868,1065.259868,SENS-HM25_LOYO_outer_2024_Y-W1C,2022;2023;2025;2026,bannei_2022;bannei_2023;bannei_2026;hongming_2022;hongming_2023;hongming_2025;luhong_2022;luhong_2023;luhong_2025;luhong_2026,realized_weather_conditional; W2_retrospective_oracle; no_observed_future_pheno_in_W3
SENS-HM25,LOYO,Y-W1C,2024,luhong_2024,luhong,2024,1027.8,1180.260371,152.4603712,SENS-HM25_LOYO_outer_2024_Y-W1C,2022;2023;2025;2026,bannei_2022;bannei_2023;bannei_2026;hongming_2022;hongming_2023;hongming_2025;luhong_2022;luhong_2023;luhong_2025;luhong_2026,realized_weather_conditional; W2_retrospective_oracle; no_observed_future_pheno_in_W3
SENS-HM25,LOYO,Y-W1C,2025,luhong_2025,luhong,2025,1205.88,1090.859949,-115.0200509,SENS-HM25_LOYO_outer_2025_Y-W1C,2022;2023;2024;2026,bannei_2022;bannei_2023;bannei_2024;bannei_2026;hongming_2022;hongming_2023;hongming_2024;luhong_2022;luhong_2023;luhong_2024;luhong_2026,realized_weather_conditional; W2_retrospective_oracle; no_observed_future_pheno_in_W3
SENS-HM25,LOYO,Y-W1C,2025,hongming_2025,hongming,2025,450.14,1087.794787,637.6547872,SENS-HM25_LOYO_outer_2025_Y-W1C,2022;2023;2024;2026,bannei_2022;bannei_2023;bannei_2024;bannei_2026;hongming_2022;hongming_2023;hongming_2024;luhong_2022;luhong_2023;luhong_2024;luhong_2026,realized_weather_conditional; W2_retrospective_oracle; no_observed_future_pheno_in_W3
SENS-HM25,LOYO,Y-W1C,2026,bannei_2026,bannei,2026,1306.23,744.9509514,-561.2790486,SENS-HM25_LOYO_outer_2026_Y-W1C,2022;2023;2024;2025,bannei_2022;bannei_2023;bannei_2024;hongming_2022;hongming_2023;hongming_2024;hongming_2025;luhong_2022;luhong_2023;luhong_2024;luhong_2025,realized_weather_conditional; W2_retrospective_oracle; no_observed_future_pheno_in_W3
SENS-HM25,LOYO,Y-W1C,2026,luhong_2026,luhong,2026,1205.88,816.1757051,-389.7042949,SENS-HM25_LOYO_outer_2026_Y-W1C,2022;2023;2024;2025,bannei_2022;bannei_2023;bannei_2024;hongming_2022;hongming_2023;hongming_2024;hongming_2025;luhong_2022;luhong_2023;luhong_2024;luhong_2025,realized_weather_conditional; W2_retrospective_oracle; no_observed_future_pheno_in_W3
SENS-HM25,LOYO,Y-W1M,2022,bannei_2022,bannei,2022,990,838.5149922,-151.4850078,SENS-HM25_LOYO_outer_2022_Y-W1M,2023;2024;2025;2026,bannei_2023;bannei_2024;bannei_2026;hongming_2023;hongming_2024;hongming_2025;luhong_2023;luhong_2024;luhong_2025;luhong_2026,realized_weather_conditional; W2_retrospective_oracle; no_observed_future_pheno_in_W3
SENS-HM25,LOYO,Y-W1M,2022,hongming_2022,hongming,2022,1804.4,432.1034177,-1372.296582,SENS-HM25_LOYO_outer_2022_Y-W1M,2023;2024;2025;2026,bannei_2023;bannei_2024;bannei_2026;hongming_2023;hongming_2024;hongming_2025;luhong_2023;luhong_2024;luhong_2025;luhong_2026,realized_weather_conditional; W2_retrospective_oracle; no_observed_future_pheno_in_W3
SENS-HM25,LOYO,Y-W1M,2022,luhong_2022,luhong,2022,1691.64,791.8158925,-899.8241075,SENS-HM25_LOYO_outer_2022_Y-W1M,2023;2024;2025;2026,bannei_2023;bannei_2024;bannei_2026;hongming_2023;hongming_2024;hongming_2025;luhong_2023;luhong_2024;luhong_2025;luhong_2026,realized_weather_conditional; W2_retrospective_oracle; no_observed_future_pheno_in_W3
SENS-HM25,LOYO,Y-W1M,2023,bannei_2023,bannei,2023,1590,1050.936295,-539.0637054,SENS-HM25_LOYO_outer_2023_Y-W1M,2022;2024;2025;2026,bannei_2022;bannei_2024;bannei_2026;hongming_2022;hongming_2024;hongming_2025;luhong_2022;luhong_2024;luhong_2025;luhong_2026,realized_weather_conditional; W2_retrospective_oracle; no_observed_future_pheno_in_W3
SENS-HM25,LOYO,Y-W1M,2023,hongming_2023,hongming,2023,753.6,1044.791855,291.1918548,SENS-HM25_LOYO_outer_2023_Y-W1M,2022;2024;2025;2026,bannei_2022;bannei_2024;bannei_2026;hongming_2022;hongming_2024;hongming_2025;luhong_2022;luhong_2024;luhong_2025;luhong_2026,realized_weather_conditional; W2_retrospective_oracle; no_observed_future_pheno_in_W3
SENS-HM25,LOYO,Y-W1M,2023,luhong_2023,luhong,2023,783.55,1052.905136,269.3551361,SENS-HM25_LOYO_outer_2023_Y-W1M,2022;2024;2025;2026,bannei_2022;bannei_2024;bannei_2026;hongming_2022;hongming_2024;hongming_2025;luhong_2022;luhong_2024;luhong_2025;luhong_2026,realized_weather_conditional; W2_retrospective_oracle; no_observed_future_pheno_in_W3
SENS-HM25,LOYO,Y-W1M,2024,bannei_2024,bannei,2024,718.74,1198.325,479.5849996,SENS-HM25_LOYO_outer_2024_Y-W1M,2022;2023;2025;2026,bannei_2022;bannei_2023;bannei_2026;hongming_2022;hongming_2023;hongming_2025;luhong_2022;luhong_2023;luhong_2025;luhong_2026,realized_weather_conditional; W2_retrospective_oracle; no_observed_future_pheno_in_W3
SENS-HM25,LOYO,Y-W1M,2024,hongming_2024,hongming,2024,107.14,1128.707599,1021.567599,SENS-HM25_LOYO_outer_2024_Y-W1M,2022;2023;2025;2026,bannei_2022;bannei_2023;bannei_2026;hongming_2022;hongming_2023;hongming_2025;luhong_2022;luhong_2023;luhong_2025;luhong_2026,realized_weather_conditional; W2_retrospective_oracle; no_observed_future_pheno_in_W3
SENS-HM25,LOYO,Y-W1M,2024,luhong_2024,luhong,2024,1027.8,1203.55831,175.7583097,SENS-HM25_LOYO_outer_2024_Y-W1M,2022;2023;2025;2026,bannei_2022;bannei_2023;bannei_2026;hongming_2022;hongming_2023;hongming_2025;luhong_2022;luhong_2023;luhong_2025;luhong_2026,realized_weather_conditional; W2_retrospective_oracle; no_observed_future_pheno_in_W3
SENS-HM25,LOYO,Y-W1M,2025,luhong_2025,luhong,2025,1205.88,1179.725176,-26.15482404,SENS-HM25_LOYO_outer_2025_Y-W1M,2022;2023;2024;2026,bannei_2022;bannei_2023;bannei_2024;bannei_2026;hongming_2022;hongming_2023;hongming_2024;luhong_2022;luhong_2023;luhong_2024;luhong_2026,realized_weather_conditional; W2_retrospective_oracle; no_observed_future_pheno_in_W3
SENS-HM25,LOYO,Y-W1M,2025,hongming_2025,hongming,2025,450.14,967.9756597,517.8356597,SENS-HM25_LOYO_outer_2025_Y-W1M,2022;2023;2024;2026,bannei_2022;bannei_2023;bannei_2024;bannei_2026;hongming_2022;hongming_2023;hongming_2024;luhong_2022;luhong_2023;luhong_2024;luhong_2026,realized_weather_conditional; W2_retrospective_oracle; no_observed_future_pheno_in_W3
SENS-HM25,LOYO,Y-W1M,2026,bannei_2026,bannei,2026,1306.23,1013.052347,-293.1776534,SENS-HM25_LOYO_outer_2026_Y-W1M,2022;2023;2024;2025,bannei_2022;bannei_2023;bannei_2024;hongming_2022;hongming_2023;hongming_2024;hongming_2025;luhong_2022;luhong_2023;luhong_2024;luhong_2025,realized_weather_conditional; W2_retrospective_oracle; no_observed_future_pheno_in_W3
SENS-HM25,LOYO,Y-W1M,2026,luhong_2026,luhong,2026,1205.88,1020.754079,-185.1259214,SENS-HM25_LOYO_outer_2026_Y-W1M,2022;2023;2024;2025,bannei_2022;bannei_2023;bannei_2024;hongming_2022;hongming_2023;hongming_2024;hongming_2025;luhong_2022;luhong_2023;luhong_2024;luhong_2025,realized_weather_conditional; W2_retrospective_oracle; no_observed_future_pheno_in_W3
SENS-HM25,LOYO,Y-W2O,2022,bannei_2022,bannei,2022,990,604.9143761,-385.0856239,SENS-HM25_LOYO_outer_2022_Y-W2O,2023;2024;2025;2026,bannei_2023;bannei_2024;bannei_2026;hongming_2023;hongming_2024;hongming_2025;luhong_2023;luhong_2024;luhong_2025;luhong_2026,realized_weather_conditional; W2_retrospective_oracle; no_observed_future_pheno_in_W3
SENS-HM25,LOYO,Y-W2O,2022,hongming_2022,hongming,2022,1804.4,418.274148,-1386.125852,SENS-HM25_LOYO_outer_2022_Y-W2O,2023;2024;2025;2026,bannei_2023;bannei_2024;bannei_2026;hongming_2023;hongming_2024;hongming_2025;luhong_2023;luhong_2024;luhong_2025;luhong_2026,realized_weather_conditional; W2_retrospective_oracle; no_observed_future_pheno_in_W3
SENS-HM25,LOYO,Y-W2O,2022,luhong_2022,luhong,2022,1691.64,839.2018678,-852.4381322,SENS-HM25_LOYO_outer_2022_Y-W2O,2023;2024;2025;2026,bannei_2023;bannei_2024;bannei_2026;hongming_2023;hongming_2024;hongming_2025;luhong_2023;luhong_2024;luhong_2025;luhong_2026,realized_weather_conditional; W2_retrospective_oracle; no_observed_future_pheno_in_W3
SENS-HM25,LOYO,Y-W2O,2023,bannei_2023,bannei,2023,1590,889.1554017,-700.8445983,SENS-HM25_LOYO_outer_2023_Y-W2O,2022;2024;2025;2026,bannei_2022;bannei_2024;bannei_2026;hongming_2022;hongming_2024;hongming_2025;luhong_2022;luhong_2024;luhong_2025;luhong_2026,realized_weather_conditional; W2_retrospective_oracle; no_observed_future_pheno_in_W3
SENS-HM25,LOYO,Y-W2O,2023,hongming_2023,hongming,2023,753.6,748.6863148,-4.913685151,SENS-HM25_LOYO_outer_2023_Y-W2O,2022;2024;2025;2026,bannei_2022;bannei_2024;bannei_2026;hongming_2022;hongming_2024;hongming_2025;luhong_2022;luhong_2024;luhong_2025;luhong_2026,realized_weather_conditional; W2_retrospective_oracle; no_observed_future_pheno_in_W3
SENS-HM25,LOYO,Y-W2O,2023,luhong_2023,luhong,2023,783.55,1232.887537,449.3375373,SENS-HM25_LOYO_outer_2023_Y-W2O,2022;2024;2025;2026,bannei_2022;bannei_2024;bannei_2026;hongming_2022;hongming_2024;hongming_2025;luhong_2022;luhong_2024;luhong_2025;luhong_2026,realized_weather_conditional; W2_retrospective_oracle; no_observed_future_pheno_in_W3
SENS-HM25,LOYO,Y-W2O,2024,bannei_2024,bannei,2024,718.74,1201.149405,482.4094054,SENS-HM25_LOYO_outer_2024_Y-W2O,2022;2023;2025;2026,bannei_2022;bannei_2023;bannei_2026;hongming_2022;hongming_2023;hongming_2025;luhong_2022;luhong_2023;luhong_2025;luhong_2026,realized_weather_conditional; W2_retrospective_oracle; no_observed_future_pheno_in_W3
SENS-HM25,LOYO,Y-W2O,2024,hongming_2024,hongming,2024,107.14,1104.33606,997.1960603,SENS-HM25_LOYO_outer_2024_Y-W2O,2022;2023;2025;2026,bannei_2022;bannei_2023;bannei_2026;hongming_2022;hongming_2023;hongming_2025;luhong_2022;luhong_2023;luhong_2025;luhong_2026,realized_weather_conditional; W2_retrospective_oracle; no_observed_future_pheno_in_W3
SENS-HM25,LOYO,Y-W2O,2024,luhong_2024,luhong,2024,1027.8,1168.861334,141.0613344,SENS-HM25_LOYO_outer_2024_Y-W2O,2022;2023;2025;2026,bannei_2022;bannei_2023;bannei_2026;hongming_2022;hongming_2023;hongming_2025;luhong_2022;luhong_2023;luhong_2025;luhong_2026,realized_weather_conditional; W2_retrospective_oracle; no_observed_future_pheno_in_W3
SENS-HM25,LOYO,Y-W2O,2025,luhong_2025,luhong,2025,1205.88,1090.904144,-114.9758565,SENS-HM25_LOYO_outer_2025_Y-W2O,2022;2023;2024;2026,bannei_2022;bannei_2023;bannei_2024;bannei_2026;hongming_2022;hongming_2023;hongming_2024;luhong_2022;luhong_2023;luhong_2024;luhong_2026,realized_weather_conditional; W2_retrospective_oracle; no_observed_future_pheno_in_W3
SENS-HM25,LOYO,Y-W2O,2025,hongming_2025,hongming,2025,450.14,1076.340586,626.2005859,SENS-HM25_LOYO_outer_2025_Y-W2O,2022;2023;2024;2026,bannei_2022;bannei_2023;bannei_2024;bannei_2026;hongming_2022;hongming_2023;hongming_2024;luhong_2022;luhong_2023;luhong_2024;luhong_2026,realized_weather_conditional; W2_retrospective_oracle; no_observed_future_pheno_in_W3
SENS-HM25,LOYO,Y-W2O,2026,bannei_2026,bannei,2026,1306.23,1014.942574,-291.2874262,SENS-HM25_LOYO_outer_2026_Y-W2O,2022;2023;2024;2025,bannei_2022;bannei_2023;bannei_2024;hongming_2022;hongming_2023;hongming_2024;hongming_2025;luhong_2022;luhong_2023;luhong_2024;luhong_2025,realized_weather_conditional; W2_retrospective_oracle; no_observed_future_pheno_in_W3
SENS-HM25,LOYO,Y-W2O,2026,luhong_2026,luhong,2026,1205.88,1029.823333,-176.0566673,SENS-HM25_LOYO_outer_2026_Y-W2O,2022;2023;2024;2025,bannei_2022;bannei_2023;bannei_2024;hongming_2022;hongming_2023;hongming_2024;hongming_2025;luhong_2022;luhong_2023;luhong_2024;luhong_2025,realized_weather_conditional; W2_retrospective_oracle; no_observed_future_pheno_in_W3
SENS-HM25,LOYO,Y-W3P,2023,bannei_2023,bannei,2023,1590,1032.594389,-557.4056106,SENS-HM25_LOYO_outer_2023_Y-W3P,2022;2024;2025;2026,bannei_2022;bannei_2024;bannei_2026;hongming_2022;hongming_2024;hongming_2025;luhong_2022;luhong_2024;luhong_2025;luhong_2026,realized_weather_conditional; W2_retrospective_oracle; no_observed_future_pheno_in_W3
SENS-HM25,LOYO,Y-W3P,2023,hongming_2023,hongming,2023,753.6,989.4895297,235.8895297,SENS-HM25_LOYO_outer_2023_Y-W3P,2022;2024;2025;2026,bannei_2022;bannei_2024;bannei_2026;hongming_2022;hongming_2024;hongming_2025;luhong_2022;luhong_2024;luhong_2025;luhong_2026,realized_weather_conditional; W2_retrospective_oracle; no_observed_future_pheno_in_W3
SENS-HM25,LOYO,Y-W3P,2023,luhong_2023,luhong,2023,783.55,1080.985318,297.4353184,SENS-HM25_LOYO_outer_2023_Y-W3P,2022;2024;2025;2026,bannei_2022;bannei_2024;bannei_2026;hongming_2022;hongming_2024;hongming_2025;luhong_2022;luhong_2024;luhong_2025;luhong_2026,realized_weather_conditional; W2_retrospective_oracle; no_observed_future_pheno_in_W3
SENS-HM25,LOYO,Y-W3P,2024,bannei_2024,bannei,2024,718.74,1191.291026,472.551026,SENS-HM25_LOYO_outer_2024_Y-W3P,2022;2023;2025;2026,bannei_2022;bannei_2023;bannei_2026;hongming_2022;hongming_2023;hongming_2025;luhong_2022;luhong_2023;luhong_2025;luhong_2026,realized_weather_conditional; W2_retrospective_oracle; no_observed_future_pheno_in_W3
SENS-HM25,LOYO,Y-W3P,2024,hongming_2024,hongming,2024,107.14,1111.924168,1004.784168,SENS-HM25_LOYO_outer_2024_Y-W3P,2022;2023;2025;2026,bannei_2022;bannei_2023;bannei_2026;hongming_2022;hongming_2023;hongming_2025;luhong_2022;luhong_2023;luhong_2025;luhong_2026,realized_weather_conditional; W2_retrospective_oracle; no_observed_future_pheno_in_W3
SENS-HM25,LOYO,Y-W3P,2024,luhong_2024,luhong,2024,1027.8,1201.958501,174.1585014,SENS-HM25_LOYO_outer_2024_Y-W3P,2022;2023;2025;2026,bannei_2022;bannei_2023;bannei_2026;hongming_2022;hongming_2023;hongming_2025;luhong_2022;luhong_2023;luhong_2025;luhong_2026,realized_weather_conditional; W2_retrospective_oracle; no_observed_future_pheno_in_W3
SENS-HM25,LOYO,Y-W3P,2026,bannei_2026,bannei,2026,1306.23,1015.397204,-290.8327959,SENS-HM25_LOYO_outer_2026_Y-W3P,2022;2023;2024;2025,bannei_2022;bannei_2023;bannei_2024;hongming_2022;hongming_2023;hongming_2024;hongming_2025;luhong_2022;luhong_2023;luhong_2024;luhong_2025,realized_weather_conditional; W2_retrospective_oracle; no_observed_future_pheno_in_W3
SENS-HM25,LOYO,Y-W3P,2026,luhong_2026,luhong,2026,1205.88,1030.890585,-174.9894148,SENS-HM25_LOYO_outer_2026_Y-W3P,2022;2023;2024;2025,bannei_2022;bannei_2023;bannei_2024;hongming_2022;hongming_2023;hongming_2024;hongming_2025;luhong_2022;luhong_2023;luhong_2024;luhong_2025,realized_weather_conditional; W2_retrospective_oracle; no_observed_future_pheno_in_W3
SENS-HM25,LOYO,Y-W3P+PHENO,2023,bannei_2023,bannei,2023,1590,921.3557294,-668.6442706,SENS-HM25_LOYO_outer_2023_Y-W3P+PHENO,2022;2024;2025;2026,bannei_2022;bannei_2024;bannei_2026;hongming_2022;hongming_2024;hongming_2025;luhong_2022;luhong_2024;luhong_2025;luhong_2026,realized_weather_conditional; W2_retrospective_oracle; no_observed_future_pheno_in_W3
SENS-HM25,LOYO,Y-W3P+PHENO,2023,hongming_2023,hongming,2023,753.6,369.0979542,-384.5020458,SENS-HM25_LOYO_outer_2023_Y-W3P+PHENO,2022;2024;2025;2026,bannei_2022;bannei_2024;bannei_2026;hongming_2022;hongming_2024;hongming_2025;luhong_2022;luhong_2024;luhong_2025;luhong_2026,realized_weather_conditional; W2_retrospective_oracle; no_observed_future_pheno_in_W3
SENS-HM25,LOYO,Y-W3P+PHENO,2023,luhong_2023,luhong,2023,783.55,894.1592161,110.6092161,SENS-HM25_LOYO_outer_2023_Y-W3P+PHENO,2022;2024;2025;2026,bannei_2022;bannei_2024;bannei_2026;hongming_2022;hongming_2024;hongming_2025;luhong_2022;luhong_2024;luhong_2025;luhong_2026,realized_weather_conditional; W2_retrospective_oracle; no_observed_future_pheno_in_W3
SENS-HM25,LOYO,Y-W3P+PHENO,2024,bannei_2024,bannei,2024,718.74,1173.03351,454.2935099,SENS-HM25_LOYO_outer_2024_Y-W3P+PHENO,2022;2023;2025;2026,bannei_2022;bannei_2023;bannei_2026;hongming_2022;hongming_2023;hongming_2025;luhong_2022;luhong_2023;luhong_2025;luhong_2026,realized_weather_conditional; W2_retrospective_oracle; no_observed_future_pheno_in_W3
SENS-HM25,LOYO,Y-W3P+PHENO,2024,hongming_2024,hongming,2024,107.14,1104.495995,997.3559948,SENS-HM25_LOYO_outer_2024_Y-W3P+PHENO,2022;2023;2025;2026,bannei_2022;bannei_2023;bannei_2026;hongming_2022;hongming_2023;hongming_2025;luhong_2022;luhong_2023;luhong_2025;luhong_2026,realized_weather_conditional; W2_retrospective_oracle; no_observed_future_pheno_in_W3
SENS-HM25,LOYO,Y-W3P+PHENO,2024,luhong_2024,luhong,2024,1027.8,1202.243868,174.4438685,SENS-HM25_LOYO_outer_2024_Y-W3P+PHENO,2022;2023;2025;2026,bannei_2022;bannei_2023;bannei_2026;hongming_2022;hongming_2023;hongming_2025;luhong_2022;luhong_2023;luhong_2025;luhong_2026,realized_weather_conditional; W2_retrospective_oracle; no_observed_future_pheno_in_W3
SENS-HM25,LOYO,Y-W3P+PHENO,2026,bannei_2026,bannei,2026,1306.23,1011.718085,-294.5119154,SENS-HM25_LOYO_outer_2026_Y-W3P+PHENO,2022;2023;2024;2025,bannei_2022;bannei_2023;bannei_2024;hongming_2022;hongming_2023;hongming_2024;hongming_2025;luhong_2022;luhong_2023;luhong_2024;luhong_2025,realized_weather_conditional; W2_retrospective_oracle; no_observed_future_pheno_in_W3
SENS-HM25,LOYO,Y-W3P+PHENO,2026,luhong_2026,luhong,2026,1205.88,1016.575937,-189.3040632,SENS-HM25_LOYO_outer_2026_Y-W3P+PHENO,2022;2023;2024;2025,bannei_2022;bannei_2023;bannei_2024;hongming_2022;hongming_2023;hongming_2024;hongming_2025;luhong_2022;luhong_2023;luhong_2024;luhong_2025,realized_weather_conditional; W2_retrospective_oracle; no_observed_future_pheno_in_W3
SENS-HM26,LOYO,Y-B0,2022,bannei_2022,bannei,2022,990,1306.23,316.23,SENS-HM26_LOYO_outer_2022_Y-B0,2023;2024;2025;2026,bannei_2023;bannei_2024;bannei_2026;hongming_2023;hongming_2024;hongming_2026;luhong_2023;luhong_2024;luhong_2025;luhong_2026,realized_weather_conditional; W2_retrospective_oracle; no_observed_future_pheno_in_W3
SENS-HM26,LOYO,Y-B0,2022,hongming_2022,hongming,2022,1804.4,750.25,-1054.15,SENS-HM26_LOYO_outer_2022_Y-B0,2023;2024;2025;2026,bannei_2023;bannei_2024;bannei_2026;hongming_2023;hongming_2024;hongming_2026;luhong_2023;luhong_2024;luhong_2025;luhong_2026,realized_weather_conditional; W2_retrospective_oracle; no_observed_future_pheno_in_W3
SENS-HM26,LOYO,Y-B0,2022,luhong_2022,luhong,2022,1691.64,1116.84,-574.8,SENS-HM26_LOYO_outer_2022_Y-B0,2023;2024;2025;2026,bannei_2023;bannei_2024;bannei_2026;hongming_2023;hongming_2024;hongming_2026;luhong_2023;luhong_2024;luhong_2025;luhong_2026,realized_weather_conditional; W2_retrospective_oracle; no_observed_future_pheno_in_W3
SENS-HM26,LOYO,Y-B0,2023,bannei_2023,bannei,2023,1590,990,-600,SENS-HM26_LOYO_outer_2023_Y-B0,2022;2024;2025;2026,bannei_2022;bannei_2024;bannei_2026;hongming_2022;hongming_2024;hongming_2026;luhong_2022;luhong_2024;luhong_2025;luhong_2026,realized_weather_conditional; W2_retrospective_oracle; no_observed_future_pheno_in_W3
SENS-HM26,LOYO,Y-B0,2023,hongming_2023,hongming,2023,753.6,750.25,-3.35,SENS-HM26_LOYO_outer_2023_Y-B0,2022;2024;2025;2026,bannei_2022;bannei_2024;bannei_2026;hongming_2022;hongming_2024;hongming_2026;luhong_2022;luhong_2024;luhong_2025;luhong_2026,realized_weather_conditional; W2_retrospective_oracle; no_observed_future_pheno_in_W3
SENS-HM26,LOYO,Y-B0,2023,luhong_2023,luhong,2023,783.55,1205.88,422.33,SENS-HM26_LOYO_outer_2023_Y-B0,2022;2024;2025;2026,bannei_2022;bannei_2024;bannei_2026;hongming_2022;hongming_2024;hongming_2026;luhong_2022;luhong_2024;luhong_2025;luhong_2026,realized_weather_conditional; W2_retrospective_oracle; no_observed_future_pheno_in_W3
SENS-HM26,LOYO,Y-B0,2024,bannei_2024,bannei,2024,718.74,1306.23,587.49,SENS-HM26_LOYO_outer_2024_Y-B0,2022;2023;2025;2026,bannei_2022;bannei_2023;bannei_2026;hongming_2022;hongming_2023;hongming_2026;luhong_2022;luhong_2023;luhong_2025;luhong_2026,realized_weather_conditional; W2_retrospective_oracle; no_observed_future_pheno_in_W3
SENS-HM26,LOYO,Y-B0,2024,hongming_2024,hongming,2024,107.14,753.6,646.46,SENS-HM26_LOYO_outer_2024_Y-B0,2022;2023;2025;2026,bannei_2022;bannei_2023;bannei_2026;hongming_2022;hongming_2023;hongming_2026;luhong_2022;luhong_2023;luhong_2025;luhong_2026,realized_weather_conditional; W2_retrospective_oracle; no_observed_future_pheno_in_W3
SENS-HM26,LOYO,Y-B0,2024,luhong_2024,luhong,2024,1027.8,1205.88,178.08,SENS-HM26_LOYO_outer_2024_Y-B0,2022;2023;2025;2026,bannei_2022;bannei_2023;bannei_2026;hongming_2022;hongming_2023;hongming_2026;luhong_2022;luhong_2023;luhong_2025;luhong_2026,realized_weather_conditional; W2_retrospective_oracle; no_observed_future_pheno_in_W3
SENS-HM26,LOYO,Y-B0,2025,luhong_2025,luhong,2025,1205.88,1116.84,-89.04,SENS-HM26_LOYO_outer_2025_Y-B0,2022;2023;2024;2026,bannei_2022;bannei_2023;bannei_2024;bannei_2026;hongming_2022;hongming_2023;hongming_2024;hongming_2026;luhong_2022;luhong_2023;luhong_2024;luhong_2026,realized_weather_conditional; W2_retrospective_oracle; no_observed_future_pheno_in_W3
SENS-HM26,LOYO,Y-B0,2026,bannei_2026,bannei,2026,1306.23,990,-316.23,SENS-HM26_LOYO_outer_2026_Y-B0,2022;2023;2024;2025,bannei_2022;bannei_2023;bannei_2024;hongming_2022;hongming_2023;hongming_2024;luhong_2022;luhong_2023;luhong_2024;luhong_2025,realized_weather_conditional; W2_retrospective_oracle; no_observed_future_pheno_in_W3
SENS-HM26,LOYO,Y-B0,2026,luhong_2026,luhong,2026,1205.88,1116.84,-89.04,SENS-HM26_LOYO_outer_2026_Y-B0,2022;2023;2024;2025,bannei_2022;bannei_2023;bannei_2024;hongming_2022;hongming_2023;hongming_2024;luhong_2022;luhong_2023;luhong_2024;luhong_2025,realized_weather_conditional; W2_retrospective_oracle; no_observed_future_pheno_in_W3
SENS-HM26,LOYO,Y-B0,2026,hongming_2026,hongming,2026,750.25,753.6,3.35,SENS-HM26_LOYO_outer_2026_Y-B0,2022;2023;2024;2025,bannei_2022;bannei_2023;bannei_2024;hongming_2022;hongming_2023;hongming_2024;luhong_2022;luhong_2023;luhong_2024;luhong_2025,realized_weather_conditional; W2_retrospective_oracle; no_observed_future_pheno_in_W3
SENS-HM26,LOYO,Y-W1C,2022,bannei_2022,bannei,2022,990,1028.364873,38.36487293,SENS-HM26_LOYO_outer_2022_Y-W1C,2023;2024;2025;2026,bannei_2023;bannei_2024;bannei_2026;hongming_2023;hongming_2024;hongming_2026;luhong_2023;luhong_2024;luhong_2025;luhong_2026,realized_weather_conditional; W2_retrospective_oracle; no_observed_future_pheno_in_W3
SENS-HM26,LOYO,Y-W1C,2022,hongming_2022,hongming,2022,1804.4,948.3390366,-856.0609634,SENS-HM26_LOYO_outer_2022_Y-W1C,2023;2024;2025;2026,bannei_2023;bannei_2024;bannei_2026;hongming_2023;hongming_2024;hongming_2026;luhong_2023;luhong_2024;luhong_2025;luhong_2026,realized_weather_conditional; W2_retrospective_oracle; no_observed_future_pheno_in_W3
SENS-HM26,LOYO,Y-W1C,2022,luhong_2022,luhong,2022,1691.64,1002.995051,-688.644949,SENS-HM26_LOYO_outer_2022_Y-W1C,2023;2024;2025;2026,bannei_2023;bannei_2024;bannei_2026;hongming_2023;hongming_2024;hongming_2026;luhong_2023;luhong_2024;luhong_2025;luhong_2026,realized_weather_conditional; W2_retrospective_oracle; no_observed_future_pheno_in_W3
SENS-HM26,LOYO,Y-W1C,2023,bannei_2023,bannei,2023,1590,1103.707349,-486.2926515,SENS-HM26_LOYO_outer_2023_Y-W1C,2022;2024;2025;2026,bannei_2022;bannei_2024;bannei_2026;hongming_2022;hongming_2024;hongming_2026;luhong_2022;luhong_2024;luhong_2025;luhong_2026,realized_weather_conditional; W2_retrospective_oracle; no_observed_future_pheno_in_W3
SENS-HM26,LOYO,Y-W1C,2023,hongming_2023,hongming,2023,753.6,895.988878,142.388878,SENS-HM26_LOYO_outer_2023_Y-W1C,2022;2024;2025;2026,bannei_2022;bannei_2024;bannei_2026;hongming_2022;hongming_2024;hongming_2026;luhong_2022;luhong_2024;luhong_2025;luhong_2026,realized_weather_conditional; W2_retrospective_oracle; no_observed_future_pheno_in_W3
SENS-HM26,LOYO,Y-W1C,2023,luhong_2023,luhong,2023,783.55,1122.194039,338.6440389,SENS-HM26_LOYO_outer_2023_Y-W1C,2022;2024;2025;2026,bannei_2022;bannei_2024;bannei_2026;hongming_2022;hongming_2024;hongming_2026;luhong_2022;luhong_2024;luhong_2025;luhong_2026,realized_weather_conditional; W2_retrospective_oracle; no_observed_future_pheno_in_W3
SENS-HM26,LOYO,Y-W1C,2024,bannei_2024,bannei,2024,718.74,1251.87,533.1300004,SENS-HM26_LOYO_outer_2024_Y-W1C,2022;2023;2025;2026,bannei_2022;bannei_2023;bannei_2026;hongming_2022;hongming_2023;hongming_2026;luhong_2022;luhong_2023;luhong_2025;luhong_2026,realized_weather_conditional; W2_retrospective_oracle; no_observed_future_pheno_in_W3
SENS-HM26,LOYO,Y-W1C,2024,hongming_2024,hongming,2024,107.14,1065.139914,957.9999139,SENS-HM26_LOYO_outer_2024_Y-W1C,2022;2023;2025;2026,bannei_2022;bannei_2023;bannei_2026;hongming_2022;hongming_2023;hongming_2026;luhong_2022;luhong_2023;luhong_2025;luhong_2026,realized_weather_conditional; W2_retrospective_oracle; no_observed_future_pheno_in_W3
SENS-HM26,LOYO,Y-W1C,2024,luhong_2024,luhong,2024,1027.8,1208.111083,180.3110828,SENS-HM26_LOYO_outer_2024_Y-W1C,2022;2023;2025;2026,bannei_2022;bannei_2023;bannei_2026;hongming_2022;hongming_2023;hongming_2026;luhong_2022;luhong_2023;luhong_2025;luhong_2026,realized_weather_conditional; W2_retrospective_oracle; no_observed_future_pheno_in_W3
SENS-HM26,LOYO,Y-W1C,2025,luhong_2025,luhong,2025,1205.88,1088.792176,-117.0878244,SENS-HM26_LOYO_outer_2025_Y-W1C,2022;2023;2024;2026,bannei_2022;bannei_2023;bannei_2024;bannei_2026;hongming_2022;hongming_2023;hongming_2024;hongming_2026;luhong_2022;luhong_2023;luhong_2024;luhong_2026,realized_weather_conditional; W2_retrospective_oracle; no_observed_future_pheno_in_W3
SENS-HM26,LOYO,Y-W1C,2026,bannei_2026,bannei,2026,1306.23,990.8920333,-315.3379667,SENS-HM26_LOYO_outer_2026_Y-W1C,2022;2023;2024;2025,bannei_2022;bannei_2023;bannei_2024;hongming_2022;hongming_2023;hongming_2024;luhong_2022;luhong_2023;luhong_2024;luhong_2025,realized_weather_conditional; W2_retrospective_oracle; no_observed_future_pheno_in_W3
SENS-HM26,LOYO,Y-W1C,2026,luhong_2026,luhong,2026,1205.88,1001.380479,-204.4995211,SENS-HM26_LOYO_outer_2026_Y-W1C,2022;2023;2024;2025,bannei_2022;bannei_2023;bannei_2024;hongming_2022;hongming_2023;hongming_2024;luhong_2022;luhong_2023;luhong_2024;luhong_2025,realized_weather_conditional; W2_retrospective_oracle; no_observed_future_pheno_in_W3
SENS-HM26,LOYO,Y-W1C,2026,hongming_2026,hongming,2026,750.25,943.140364,192.890364,SENS-HM26_LOYO_outer_2026_Y-W1C,2022;2023;2024;2025,bannei_2022;bannei_2023;bannei_2024;hongming_2022;hongming_2023;hongming_2024;luhong_2022;luhong_2023;luhong_2024;luhong_2025,realized_weather_conditional; W2_retrospective_oracle; no_observed_future_pheno_in_W3
SENS-HM26,LOYO,Y-W1M,2022,bannei_2022,bannei,2022,990,897.0720437,-92.9279563,SENS-HM26_LOYO_outer_2022_Y-W1M,2023;2024;2025;2026,bannei_2023;bannei_2024;bannei_2026;hongming_2023;hongming_2024;hongming_2026;luhong_2023;luhong_2024;luhong_2025;luhong_2026,realized_weather_conditional; W2_retrospective_oracle; no_observed_future_pheno_in_W3
SENS-HM26,LOYO,Y-W1M,2022,hongming_2022,hongming,2022,1804.4,524.8750498,-1279.52495,SENS-HM26_LOYO_outer_2022_Y-W1M,2023;2024;2025;2026,bannei_2023;bannei_2024;bannei_2026;hongming_2023;hongming_2024;hongming_2026;luhong_2023;luhong_2024;luhong_2025;luhong_2026,realized_weather_conditional; W2_retrospective_oracle; no_observed_future_pheno_in_W3
SENS-HM26,LOYO,Y-W1M,2022,luhong_2022,luhong,2022,1691.64,815.44901,-876.19099,SENS-HM26_LOYO_outer_2022_Y-W1M,2023;2024;2025;2026,bannei_2023;bannei_2024;bannei_2026;hongming_2023;hongming_2024;hongming_2026;luhong_2023;luhong_2024;luhong_2025;luhong_2026,realized_weather_conditional; W2_retrospective_oracle; no_observed_future_pheno_in_W3
SENS-HM26,LOYO,Y-W1M,2023,bannei_2023,bannei,2023,1590,1081.482828,-508.5171719,SENS-HM26_LOYO_outer_2023_Y-W1M,2022;2024;2025;2026,bannei_2022;bannei_2024;bannei_2026;hongming_2022;hongming_2024;hongming_2026;luhong_2022;luhong_2024;luhong_2025;luhong_2026,realized_weather_conditional; W2_retrospective_oracle; no_observed_future_pheno_in_W3
SENS-HM26,LOYO,Y-W1M,2023,hongming_2023,hongming,2023,753.6,1076.738203,323.1382033,SENS-HM26_LOYO_outer_2023_Y-W1M,2022;2024;2025;2026,bannei_2022;bannei_2024;bannei_2026;hongming_2022;hongming_2024;hongming_2026;luhong_2022;luhong_2024;luhong_2025;luhong_2026,realized_weather_conditional; W2_retrospective_oracle; no_observed_future_pheno_in_W3
SENS-HM26,LOYO,Y-W1M,2023,luhong_2023,luhong,2023,783.55,1081.513128,297.9631284,SENS-HM26_LOYO_outer_2023_Y-W1M,2022;2024;2025;2026,bannei_2022;bannei_2024;bannei_2026;hongming_2022;hongming_2024;hongming_2026;luhong_2022;luhong_2024;luhong_2025;luhong_2026,realized_weather_conditional; W2_retrospective_oracle; no_observed_future_pheno_in_W3
SENS-HM26,LOYO,Y-W1M,2024,bannei_2024,bannei,2024,718.74,1208.849257,490.1092575,SENS-HM26_LOYO_outer_2024_Y-W1M,2022;2023;2025;2026,bannei_2022;bannei_2023;bannei_2026;hongming_2022;hongming_2023;hongming_2026;luhong_2022;luhong_2023;luhong_2025;luhong_2026,realized_weather_conditional; W2_retrospective_oracle; no_observed_future_pheno_in_W3
SENS-HM26,LOYO,Y-W1M,2024,hongming_2024,hongming,2024,107.14,1202.814477,1095.674477,SENS-HM26_LOYO_outer_2024_Y-W1M,2022;2023;2025;2026,bannei_2022;bannei_2023;bannei_2026;hongming_2022;hongming_2023;hongming_2026;luhong_2022;luhong_2023;luhong_2025;luhong_2026,realized_weather_conditional; W2_retrospective_oracle; no_observed_future_pheno_in_W3
SENS-HM26,LOYO,Y-W1M,2024,luhong_2024,luhong,2024,1027.8,1205.962073,178.1620731,SENS-HM26_LOYO_outer_2024_Y-W1M,2022;2023;2025;2026,bannei_2022;bannei_2023;bannei_2026;hongming_2022;hongming_2023;hongming_2026;luhong_2022;luhong_2023;luhong_2025;luhong_2026,realized_weather_conditional; W2_retrospective_oracle; no_observed_future_pheno_in_W3
SENS-HM26,LOYO,Y-W1M,2025,luhong_2025,luhong,2025,1205.88,1172.170771,-33.70922919,SENS-HM26_LOYO_outer_2025_Y-W1M,2022;2023;2024;2026,bannei_2022;bannei_2023;bannei_2024;bannei_2026;hongming_2022;hongming_2023;hongming_2024;hongming_2026;luhong_2022;luhong_2023;luhong_2024;luhong_2026,realized_weather_conditional; W2_retrospective_oracle; no_observed_future_pheno_in_W3
SENS-HM26,LOYO,Y-W1M,2026,bannei_2026,bannei,2026,1306.23,1152.537753,-153.6922475,SENS-HM26_LOYO_outer_2026_Y-W1M,2022;2023;2024;2025,bannei_2022;bannei_2023;bannei_2024;hongming_2022;hongming_2023;hongming_2024;luhong_2022;luhong_2023;luhong_2024;luhong_2025,realized_weather_conditional; W2_retrospective_oracle; no_observed_future_pheno_in_W3
SENS-HM26,LOYO,Y-W1M,2026,luhong_2026,luhong,2026,1205.88,1316.810634,110.9306337,SENS-HM26_LOYO_outer_2026_Y-W1M,2022;2023;2024;2025,bannei_2022;bannei_2023;bannei_2024;hongming_2022;hongming_2023;hongming_2024;luhong_2022;luhong_2023;luhong_2024;luhong_2025,realized_weather_conditional; W2_retrospective_oracle; no_observed_future_pheno_in_W3
SENS-HM26,LOYO,Y-W1M,2026,hongming_2026,hongming,2026,750.25,1013.549838,263.2998378,SENS-HM26_LOYO_outer_2026_Y-W1M,2022;2023;2024;2025,bannei_2022;bannei_2023;bannei_2024;hongming_2022;hongming_2023;hongming_2024;luhong_2022;luhong_2023;luhong_2024;luhong_2025,realized_weather_conditional; W2_retrospective_oracle; no_observed_future_pheno_in_W3
SENS-HM25-26,LOYO,Y-B0,2022,bannei_2022,bannei,2022,990,1306.23,316.23,SENS-HM25-26_LOYO_outer_2022_Y-B0,2023;2024;2025;2026,bannei_2023;bannei_2024;bannei_2026;hongming_2023;hongming_2024;hongming_2025;hongming_2026;luhong_2023;luhong_2024;luhong_2025;luhong_2026,realized_weather_conditional; W2_retrospective_oracle; no_observed_future_pheno_in_W3
SENS-HM25-26,LOYO,Y-B0,2022,hongming_2022,hongming,2022,1804.4,600.195,-1204.205,SENS-HM25-26_LOYO_outer_2022_Y-B0,2023;2024;2025;2026,bannei_2023;bannei_2024;bannei_2026;hongming_2023;hongming_2024;hongming_2025;hongming_2026;luhong_2023;luhong_2024;luhong_2025;luhong_2026,realized_weather_conditional; W2_retrospective_oracle; no_observed_future_pheno_in_W3
SENS-HM25-26,LOYO,Y-B0,2022,luhong_2022,luhong,2022,1691.64,1116.84,-574.8,SENS-HM25-26_LOYO_outer_2022_Y-B0,2023;2024;2025;2026,bannei_2023;bannei_2024;bannei_2026;hongming_2023;hongming_2024;hongming_2025;hongming_2026;luhong_2023;luhong_2024;luhong_2025;luhong_2026,realized_weather_conditional; W2_retrospective_oracle; no_observed_future_pheno_in_W3
SENS-HM25-26,LOYO,Y-B0,2023,bannei_2023,bannei,2023,1590,990,-600,SENS-HM25-26_LOYO_outer_2023_Y-B0,2022;2024;2025;2026,bannei_2022;bannei_2024;bannei_2026;hongming_2022;hongming_2024;hongming_2025;hongming_2026;luhong_2022;luhong_2024;luhong_2025;luhong_2026,realized_weather_conditional; W2_retrospective_oracle; no_observed_future_pheno_in_W3
SENS-HM25-26,LOYO,Y-B0,2023,hongming_2023,hongming,2023,753.6,600.195,-153.405,SENS-HM25-26_LOYO_outer_2023_Y-B0,2022;2024;2025;2026,bannei_2022;bannei_2024;bannei_2026;hongming_2022;hongming_2024;hongming_2025;hongming_2026;luhong_2022;luhong_2024;luhong_2025;luhong_2026,realized_weather_conditional; W2_retrospective_oracle; no_observed_future_pheno_in_W3
SENS-HM25-26,LOYO,Y-B0,2023,luhong_2023,luhong,2023,783.55,1205.88,422.33,SENS-HM25-26_LOYO_outer_2023_Y-B0,2022;2024;2025;2026,bannei_2022;bannei_2024;bannei_2026;hongming_2022;hongming_2024;hongming_2025;hongming_2026;luhong_2022;luhong_2024;luhong_2025;luhong_2026,realized_weather_conditional; W2_retrospective_oracle; no_observed_future_pheno_in_W3
SENS-HM25-26,LOYO,Y-B0,2024,bannei_2024,bannei,2024,718.74,1306.23,587.49,SENS-HM25-26_LOYO_outer_2024_Y-B0,2022;2023;2025;2026,bannei_2022;bannei_2023;bannei_2026;hongming_2022;hongming_2023;hongming_2025;hongming_2026;luhong_2022;luhong_2023;luhong_2025;luhong_2026,realized_weather_conditional; W2_retrospective_oracle; no_observed_future_pheno_in_W3
SENS-HM25-26,LOYO,Y-B0,2024,hongming_2024,hongming,2024,107.14,751.925,644.785,SENS-HM25-26_LOYO_outer_2024_Y-B0,2022;2023;2025;2026,bannei_2022;bannei_2023;bannei_2026;hongming_2022;hongming_2023;hongming_2025;hongming_2026;luhong_2022;luhong_2023;luhong_2025;luhong_2026,realized_weather_conditional; W2_retrospective_oracle; no_observed_future_pheno_in_W3
SENS-HM25-26,LOYO,Y-B0,2024,luhong_2024,luhong,2024,1027.8,1205.88,178.08,SENS-HM25-26_LOYO_outer_2024_Y-B0,2022;2023;2025;2026,bannei_2022;bannei_2023;bannei_2026;hongming_2022;hongming_2023;hongming_2025;hongming_2026;luhong_2022;luhong_2023;luhong_2025;luhong_2026,realized_weather_conditional; W2_retrospective_oracle; no_observed_future_pheno_in_W3
SENS-HM25-26,LOYO,Y-B0,2025,luhong_2025,luhong,2025,1205.88,1116.84,-89.04,SENS-HM25-26_LOYO_outer_2025_Y-B0,2022;2023;2024;2026,bannei_2022;bannei_2023;bannei_2024;bannei_2026;hongming_2022;hongming_2023;hongming_2024;hongming_2026;luhong_2022;luhong_2023;luhong_2024;luhong_2026,realized_weather_conditional; W2_retrospective_oracle; no_observed_future_pheno_in_W3
SENS-HM25-26,LOYO,Y-B0,2025,hongming_2025,hongming,2025,450.14,751.925,301.785,SENS-HM25-26_LOYO_outer_2025_Y-B0,2022;2023;2024;2026,bannei_2022;bannei_2023;bannei_2024;bannei_2026;hongming_2022;hongming_2023;hongming_2024;hongming_2026;luhong_2022;luhong_2023;luhong_2024;luhong_2026,realized_weather_conditional; W2_retrospective_oracle; no_observed_future_pheno_in_W3
SENS-HM25-26,LOYO,Y-B0,2026,bannei_2026,bannei,2026,1306.23,990,-316.23,SENS-HM25-26_LOYO_outer_2026_Y-B0,2022;2023;2024;2025,bannei_2022;bannei_2023;bannei_2024;hongming_2022;hongming_2023;hongming_2024;hongming_2025;luhong_2022;luhong_2023;luhong_2024;luhong_2025,realized_weather_conditional; W2_retrospective_oracle; no_observed_future_pheno_in_W3
SENS-HM25-26,LOYO,Y-B0,2026,luhong_2026,luhong,2026,1205.88,1116.84,-89.04,SENS-HM25-26_LOYO_outer_2026_Y-B0,2022;2023;2024;2025,bannei_2022;bannei_2023;bannei_2024;hongming_2022;hongming_2023;hongming_2024;hongming_2025;luhong_2022;luhong_2023;luhong_2024;luhong_2025,realized_weather_conditional; W2_retrospective_oracle; no_observed_future_pheno_in_W3
SENS-HM25-26,LOYO,Y-B0,2026,hongming_2026,hongming,2026,750.25,601.87,-148.38,SENS-HM25-26_LOYO_outer_2026_Y-B0,2022;2023;2024;2025,bannei_2022;bannei_2023;bannei_2024;hongming_2022;hongming_2023;hongming_2024;hongming_2025;luhong_2022;luhong_2023;luhong_2024;luhong_2025,realized_weather_conditional; W2_retrospective_oracle; no_observed_future_pheno_in_W3
SENS-HM25-26,LOYO,Y-W1C,2022,bannei_2022,bannei,2022,990,945.6366756,-44.36332437,SENS-HM25-26_LOYO_outer_2022_Y-W1C,2023;2024;2025;2026,bannei_2023;bannei_2024;bannei_2026;hongming_2023;hongming_2024;hongming_2025;hongming_2026;luhong_2023;luhong_2024;luhong_2025;luhong_2026,realized_weather_conditional; W2_retrospective_oracle; no_observed_future_pheno_in_W3
SENS-HM25-26,LOYO,Y-W1C,2022,hongming_2022,hongming,2022,1804.4,864.7597763,-939.6402237,SENS-HM25-26_LOYO_outer_2022_Y-W1C,2023;2024;2025;2026,bannei_2023;bannei_2024;bannei_2026;hongming_2023;hongming_2024;hongming_2025;hongming_2026;luhong_2023;luhong_2024;luhong_2025;luhong_2026,realized_weather_conditional; W2_retrospective_oracle; no_observed_future_pheno_in_W3
SENS-HM25-26,LOYO,Y-W1C,2022,luhong_2022,luhong,2022,1691.64,949.7610507,-741.8789493,SENS-HM25-26_LOYO_outer_2022_Y-W1C,2023;2024;2025;2026,bannei_2023;bannei_2024;bannei_2026;hongming_2023;hongming_2024;hongming_2025;hongming_2026;luhong_2023;luhong_2024;luhong_2025;luhong_2026,realized_weather_conditional; W2_retrospective_oracle; no_observed_future_pheno_in_W3
SENS-HM25-26,LOYO,Y-W1C,2023,bannei_2023,bannei,2023,1590,1026.839354,-563.1606458,SENS-HM25-26_LOYO_outer_2023_Y-W1C,2022;2024;2025;2026,bannei_2022;bannei_2024;bannei_2026;hongming_2022;hongming_2024;hongming_2025;hongming_2026;luhong_2022;luhong_2024;luhong_2025;luhong_2026,realized_weather_conditional; W2_retrospective_oracle; no_observed_future_pheno_in_W3
SENS-HM25-26,LOYO,Y-W1C,2023,hongming_2023,hongming,2023,753.6,1016.952557,263.3525568,SENS-HM25-26_LOYO_outer_2023_Y-W1C,2022;2024;2025;2026,bannei_2022;bannei_2024;bannei_2026;hongming_2022;hongming_2024;hongming_2025;hongming_2026;luhong_2022;luhong_2024;luhong_2025;luhong_2026,realized_weather_conditional; W2_retrospective_oracle; no_observed_future_pheno_in_W3
SENS-HM25-26,LOYO,Y-W1C,2023,luhong_2023,luhong,2023,783.55,1025.470529,241.9205286,SENS-HM25-26_LOYO_outer_2023_Y-W1C,2022;2024;2025;2026,bannei_2022;bannei_2024;bannei_2026;hongming_2022;hongming_2024;hongming_2025;hongming_2026;luhong_2022;luhong_2024;luhong_2025;luhong_2026,realized_weather_conditional; W2_retrospective_oracle; no_observed_future_pheno_in_W3
SENS-HM25-26,LOYO,Y-W1C,2024,bannei_2024,bannei,2024,718.74,1280.640705,561.9007045,SENS-HM25-26_LOYO_outer_2024_Y-W1C,2022;2023;2025;2026,bannei_2022;bannei_2023;bannei_2026;hongming_2022;hongming_2023;hongming_2025;hongming_2026;luhong_2022;luhong_2023;luhong_2025;luhong_2026,realized_weather_conditional; W2_retrospective_oracle; no_observed_future_pheno_in_W3
SENS-HM25-26,LOYO,Y-W1C,2024,hongming_2024,hongming,2024,107.14,974.3855928,867.2455928,SENS-HM25-26_LOYO_outer_2024_Y-W1C,2022;2023;2025;2026,bannei_2022;bannei_2023;bannei_2026;hongming_2022;hongming_2023;hongming_2025;hongming_2026;luhong_2022;luhong_2023;luhong_2025;luhong_2026,realized_weather_conditional; W2_retrospective_oracle; no_observed_future_pheno_in_W3
SENS-HM25-26,LOYO,Y-W1C,2024,luhong_2024,luhong,2024,1027.8,1292.087799,264.2877992,SENS-HM25-26_LOYO_outer_2024_Y-W1C,2022;2023;2025;2026,bannei_2022;bannei_2023;bannei_2026;hongming_2022;hongming_2023;hongming_2025;hongming_2026;luhong_2022;luhong_2023;luhong_2025;luhong_2026,realized_weather_conditional; W2_retrospective_oracle; no_observed_future_pheno_in_W3
SENS-HM25-26,LOYO,Y-W1C,2025,luhong_2025,luhong,2025,1205.88,1088.792176,-117.0878244,SENS-HM25-26_LOYO_outer_2025_Y-W1C,2022;2023;2024;2026,bannei_2022;bannei_2023;bannei_2024;bannei_2026;hongming_2022;hongming_2023;hongming_2024;hongming_2026;luhong_2022;luhong_2023;luhong_2024;luhong_2026,realized_weather_conditional; W2_retrospective_oracle; no_observed_future_pheno_in_W3
SENS-HM25-26,LOYO,Y-W1C,2025,hongming_2025,hongming,2025,450.14,1055.430307,605.2903072,SENS-HM25-26_LOYO_outer_2025_Y-W1C,2022;2023;2024;2026,bannei_2022;bannei_2023;bannei_2024;bannei_2026;hongming_2022;hongming_2023;hongming_2024;hongming_2026;luhong_2022;luhong_2023;luhong_2024;luhong_2026,realized_weather_conditional; W2_retrospective_oracle; no_observed_future_pheno_in_W3
SENS-HM25-26,LOYO,Y-W1C,2026,bannei_2026,bannei,2026,1306.23,744.9509514,-561.2790486,SENS-HM25-26_LOYO_outer_2026_Y-W1C,2022;2023;2024;2025,bannei_2022;bannei_2023;bannei_2024;hongming_2022;hongming_2023;hongming_2024;hongming_2025;luhong_2022;luhong_2023;luhong_2024;luhong_2025,realized_weather_conditional; W2_retrospective_oracle; no_observed_future_pheno_in_W3
SENS-HM25-26,LOYO,Y-W1C,2026,luhong_2026,luhong,2026,1205.88,816.1757051,-389.7042949,SENS-HM25-26_LOYO_outer_2026_Y-W1C,2022;2023;2024;2025,bannei_2022;bannei_2023;bannei_2024;hongming_2022;hongming_2023;hongming_2024;hongming_2025;luhong_2022;luhong_2023;luhong_2024;luhong_2025,realized_weather_conditional; W2_retrospective_oracle; no_observed_future_pheno_in_W3
SENS-HM25-26,LOYO,Y-W1C,2026,hongming_2026,hongming,2026,750.25,530.2925347,-219.9574653,SENS-HM25-26_LOYO_outer_2026_Y-W1C,2022;2023;2024;2025,bannei_2022;bannei_2023;bannei_2024;hongming_2022;hongming_2023;hongming_2024;hongming_2025;luhong_2022;luhong_2023;luhong_2024;luhong_2025,realized_weather_conditional; W2_retrospective_oracle; no_observed_future_pheno_in_W3
SENS-HM25-26,LOYO,Y-W1M,2022,bannei_2022,bannei,2022,990,828.1166563,-161.8833437,SENS-HM25-26_LOYO_outer_2022_Y-W1M,2023;2024;2025;2026,bannei_2023;bannei_2024;bannei_2026;hongming_2023;hongming_2024;hongming_2025;hongming_2026;luhong_2023;luhong_2024;luhong_2025;luhong_2026,realized_weather_conditional; W2_retrospective_oracle; no_observed_future_pheno_in_W3
SENS-HM25-26,LOYO,Y-W1M,2022,hongming_2022,hongming,2022,1804.4,447.5173277,-1356.882672,SENS-HM25-26_LOYO_outer_2022_Y-W1M,2023;2024;2025;2026,bannei_2023;bannei_2024;bannei_2026;hongming_2023;hongming_2024;hongming_2025;hongming_2026;luhong_2023;luhong_2024;luhong_2025;luhong_2026,realized_weather_conditional; W2_retrospective_oracle; no_observed_future_pheno_in_W3
SENS-HM25-26,LOYO,Y-W1M,2022,luhong_2022,luhong,2022,1691.64,786.0190661,-905.6209339,SENS-HM25-26_LOYO_outer_2022_Y-W1M,2023;2024;2025;2026,bannei_2023;bannei_2024;bannei_2026;hongming_2023;hongming_2024;hongming_2025;hongming_2026;luhong_2023;luhong_2024;luhong_2025;luhong_2026,realized_weather_conditional; W2_retrospective_oracle; no_observed_future_pheno_in_W3
SENS-HM25-26,LOYO,Y-W1M,2023,bannei_2023,bannei,2023,1590,1023.769054,-566.2309455,SENS-HM25-26_LOYO_outer_2023_Y-W1M,2022;2024;2025;2026,bannei_2022;bannei_2024;bannei_2026;hongming_2022;hongming_2024;hongming_2025;hongming_2026;luhong_2022;luhong_2024;luhong_2025;luhong_2026,realized_weather_conditional; W2_retrospective_oracle; no_observed_future_pheno_in_W3
SENS-HM25-26,LOYO,Y-W1M,2023,hongming_2023,hongming,2023,753.6,1017.321088,263.7210875,SENS-HM25-26_LOYO_outer_2023_Y-W1M,2022;2024;2025;2026,bannei_2022;bannei_2024;bannei_2026;hongming_2022;hongming_2024;hongming_2025;hongming_2026;luhong_2022;luhong_2024;luhong_2025;luhong_2026,realized_weather_conditional; W2_retrospective_oracle; no_observed_future_pheno_in_W3
SENS-HM25-26,LOYO,Y-W1M,2023,luhong_2023,luhong,2023,783.55,1026.418399,242.868399,SENS-HM25-26_LOYO_outer_2023_Y-W1M,2022;2024;2025;2026,bannei_2022;bannei_2024;bannei_2026;hongming_2022;hongming_2024;hongming_2025;hongming_2026;luhong_2022;luhong_2024;luhong_2025;luhong_2026,realized_weather_conditional; W2_retrospective_oracle; no_observed_future_pheno_in_W3
SENS-HM25-26,LOYO,Y-W1M,2024,bannei_2024,bannei,2024,718.74,1168.767121,450.0271207,SENS-HM25-26_LOYO_outer_2024_Y-W1M,2022;2023;2025;2026,bannei_2022;bannei_2023;bannei_2026;hongming_2022;hongming_2023;hongming_2025;hongming_2026;luhong_2022;luhong_2023;luhong_2025;luhong_2026,realized_weather_conditional; W2_retrospective_oracle; no_observed_future_pheno_in_W3
SENS-HM25-26,LOYO,Y-W1M,2024,hongming_2024,hongming,2024,107.14,1084.79505,977.6550502,SENS-HM25-26_LOYO_outer_2024_Y-W1M,2022;2023;2025;2026,bannei_2022;bannei_2023;bannei_2026;hongming_2022;hongming_2023;hongming_2025;hongming_2026;luhong_2022;luhong_2023;luhong_2025;luhong_2026,realized_weather_conditional; W2_retrospective_oracle; no_observed_future_pheno_in_W3
SENS-HM25-26,LOYO,Y-W1M,2024,luhong_2024,luhong,2024,1027.8,1173.476422,145.6764222,SENS-HM25-26_LOYO_outer_2024_Y-W1M,2022;2023;2025;2026,bannei_2022;bannei_2023;bannei_2026;hongming_2022;hongming_2023;hongming_2025;hongming_2026;luhong_2022;luhong_2023;luhong_2025;luhong_2026,realized_weather_conditional; W2_retrospective_oracle; no_observed_future_pheno_in_W3
SENS-HM25-26,LOYO,Y-W1M,2025,luhong_2025,luhong,2025,1205.88,1172.170771,-33.70922919,SENS-HM25-26_LOYO_outer_2025_Y-W1M,2022;2023;2024;2026,bannei_2022;bannei_2023;bannei_2024;bannei_2026;hongming_2022;hongming_2023;hongming_2024;hongming_2026;luhong_2022;luhong_2023;luhong_2024;luhong_2026,realized_weather_conditional; W2_retrospective_oracle; no_observed_future_pheno_in_W3
SENS-HM25-26,LOYO,Y-W1M,2025,hongming_2025,hongming,2025,450.14,940.416917,490.276917,SENS-HM25-26_LOYO_outer_2025_Y-W1M,2022;2023;2024;2026,bannei_2022;bannei_2023;bannei_2024;bannei_2026;hongming_2022;hongming_2023;hongming_2024;hongming_2026;luhong_2022;luhong_2023;luhong_2024;luhong_2026,realized_weather_conditional; W2_retrospective_oracle; no_observed_future_pheno_in_W3
SENS-HM25-26,LOYO,Y-W1M,2026,bannei_2026,bannei,2026,1306.23,1013.052347,-293.1776534,SENS-HM25-26_LOYO_outer_2026_Y-W1M,2022;2023;2024;2025,bannei_2022;bannei_2023;bannei_2024;hongming_2022;hongming_2023;hongming_2024;hongming_2025;luhong_2022;luhong_2023;luhong_2024;luhong_2025,realized_weather_conditional; W2_retrospective_oracle; no_observed_future_pheno_in_W3
SENS-HM25-26,LOYO,Y-W1M,2026,luhong_2026,luhong,2026,1205.88,1020.754079,-185.1259214,SENS-HM25-26_LOYO_outer_2026_Y-W1M,2022;2023;2024;2025,bannei_2022;bannei_2023;bannei_2024;hongming_2022;hongming_2023;hongming_2024;hongming_2025;luhong_2022;luhong_2023;luhong_2024;luhong_2025,realized_weather_conditional; W2_retrospective_oracle; no_observed_future_pheno_in_W3
SENS-HM25-26,LOYO,Y-W1M,2026,hongming_2026,hongming,2026,750.25,1006.269531,256.0195311,SENS-HM25-26_LOYO_outer_2026_Y-W1M,2022;2023;2024;2025,bannei_2022;bannei_2023;bannei_2024;hongming_2022;hongming_2023;hongming_2024;hongming_2025;luhong_2022;luhong_2023;luhong_2024;luhong_2025,realized_weather_conditional; W2_retrospective_oracle; no_observed_future_pheno_in_W3
