orchard_id,region_id,station_id,cultivar,harvest_year,source_block_id,event_name,event_date,calendar_year,day_of_year,decoded_candidate_date,date_derivation,date_year_rebased,date_authority,date_authority_source,source_file,source_sheet,source_row,source_column,source_cell,harvest_year_source_cell,raw_value,cell_data_type,number_format,qc_flag
bannei,haikou,haikou_region_proxy,妃子笑,2022,pheno_Sheet1_r02,autumn_flush_mature,2021-09-25,2021,268,2026-09-25,A_column_harvest_year_plus_original_month_day,1,harvest_year_column_A,experiments_guide/2026-08-27_USER_CLARIFICATION.md,物候期.xlsx,Sheet1,2,E,E2,A2,46290,n,General,ok
bannei,haikou,haikou_region_proxy,妃子笑,2022,pheno_Sheet1_r02,white_tip,2021-12-25,2021,359,2021-12-25,A_column_harvest_year_plus_original_month_day,0,harvest_year_column_A,experiments_guide/2026-08-27_USER_CLARIFICATION.md,物候期.xlsx,Sheet1,2,F,F2,A2,44555,n,General,ok
bannei,haikou,haikou_region_proxy,妃子笑,2022,pheno_Sheet1_r02,inflorescence_emergence,2022-01-20,2022,20,2026-01-20,A_column_harvest_year_plus_original_month_day,1,harvest_year_column_A,experiments_guide/2026-08-27_USER_CLARIFICATION.md,物候期.xlsx,Sheet1,2,G,G2,A2,46042,n,General,ok
bannei,haikou,haikou_region_proxy,妃子笑,2022,pheno_Sheet1_r02,initial_bloom,2022-03-01,2022,60,2026-03-01,A_column_harvest_year_plus_original_month_day,1,harvest_year_column_A,experiments_guide/2026-08-27_USER_CLARIFICATION.md,物候期.xlsx,Sheet1,2,H,H2,A2,46082,n,General,ok
bannei,haikou,haikou_region_proxy,妃子笑,2022,pheno_Sheet1_r02,full_bloom,2022-03-10,2022,69,2026-03-10,A_column_harvest_year_plus_original_month_day,1,harvest_year_column_A,experiments_guide/2026-08-27_USER_CLARIFICATION.md,物候期.xlsx,Sheet1,2,I,I2,A2,46091,n,General,ok
bannei,haikou,haikou_region_proxy,妃子笑,2022,pheno_Sheet1_r02,end_bloom,2022-03-15,2022,74,2026-03-15,A_column_harvest_year_plus_original_month_day,1,harvest_year_column_A,experiments_guide/2026-08-27_USER_CLARIFICATION.md,物候期.xlsx,Sheet1,2,J,J2,A2,46096,n,General,ok
bannei,haikou,haikou_region_proxy,妃子笑,2022,pheno_Sheet1_r02,initial_fruit_set,2022-03-15,2022,74,2026-03-15,A_column_harvest_year_plus_original_month_day,1,harvest_year_column_A,experiments_guide/2026-08-27_USER_CLARIFICATION.md,物候期.xlsx,Sheet1,2,K,K2,A2,46096,n,General,ok
bannei,haikou,haikou_region_proxy,妃子笑,2022,pheno_Sheet1_r02,fruit_drop_1,2022-03-10,2022,69,2026-03-10,A_column_harvest_year_plus_original_month_day,1,harvest_year_column_A,experiments_guide/2026-08-27_USER_CLARIFICATION.md,物候期.xlsx,Sheet1,2,L,L2,A2,46091,n,General,ok
bannei,haikou,haikou_region_proxy,妃子笑,2022,pheno_Sheet1_r02,fruit_drop_2,2022-04-03,2022,93,2026-04-03,A_column_harvest_year_plus_original_month_day,1,harvest_year_column_A,experiments_guide/2026-08-27_USER_CLARIFICATION.md,物候期.xlsx,Sheet1,2,M,M2,A2,46115,n,General,ok
bannei,haikou,haikou_region_proxy,妃子笑,2022,pheno_Sheet1_r02,color_break,2022-04-28,2022,118,2026-04-28,A_column_harvest_year_plus_original_month_day,1,harvest_year_column_A,experiments_guide/2026-08-27_USER_CLARIFICATION.md,物候期.xlsx,Sheet1,2,O,O2,A2,46140,n,General,ok
bannei,haikou,haikou_region_proxy,妃子笑,2022,pheno_Sheet1_r02,maturity,2022-05-20,2022,140,2026-05-20,A_column_harvest_year_plus_original_month_day,1,harvest_year_column_A,experiments_guide/2026-08-27_USER_CLARIFICATION.md,物候期.xlsx,Sheet1,2,P,P2,A2,46162,n,General,ok
hongming,haikou,haikou_region_proxy,白糖罂,2022,pheno_Sheet1_r03,autumn_flush_mature,2021-09-10,2021,253,2026-09-10,A_column_harvest_year_plus_original_month_day,1,harvest_year_column_A,experiments_guide/2026-08-27_USER_CLARIFICATION.md,物候期.xlsx,Sheet1,3,E,E3,A2,46275,n,General,ok
hongming,haikou,haikou_region_proxy,白糖罂,2022,pheno_Sheet1_r03,white_tip,2021-12-28,2021,362,2021-12-28,A_column_harvest_year_plus_original_month_day,0,harvest_year_column_A,experiments_guide/2026-08-27_USER_CLARIFICATION.md,物候期.xlsx,Sheet1,3,F,F3,A2,44558,n,General,ok
hongming,haikou,haikou_region_proxy,白糖罂,2022,pheno_Sheet1_r03,inflorescence_emergence,2022-01-05,2022,5,2026-01-05,A_column_harvest_year_plus_original_month_day,1,harvest_year_column_A,experiments_guide/2026-08-27_USER_CLARIFICATION.md,物候期.xlsx,Sheet1,3,G,G3,A2,46027,n,General,ok
hongming,haikou,haikou_region_proxy,白糖罂,2022,pheno_Sheet1_r03,initial_bloom,2022-02-02,2022,33,2026-02-02,A_column_harvest_year_plus_original_month_day,1,harvest_year_column_A,experiments_guide/2026-08-27_USER_CLARIFICATION.md,物候期.xlsx,Sheet1,3,H,H3,A2,46055,n,General,ok
hongming,haikou,haikou_region_proxy,白糖罂,2022,pheno_Sheet1_r03,full_bloom,2022-03-02,2022,61,2026-03-02,A_column_harvest_year_plus_original_month_day,1,harvest_year_column_A,experiments_guide/2026-08-27_USER_CLARIFICATION.md,物候期.xlsx,Sheet1,3,I,I3,A2,46083,n,General,ok
hongming,haikou,haikou_region_proxy,白糖罂,2022,pheno_Sheet1_r03,end_bloom,2022-03-08,2022,67,2026-03-08,A_column_harvest_year_plus_original_month_day,1,harvest_year_column_A,experiments_guide/2026-08-27_USER_CLARIFICATION.md,物候期.xlsx,Sheet1,3,J,J3,A2,46089,n,General,ok
hongming,haikou,haikou_region_proxy,白糖罂,2022,pheno_Sheet1_r03,initial_fruit_set,2022-03-05,2022,64,2026-03-05,A_column_harvest_year_plus_original_month_day,1,harvest_year_column_A,experiments_guide/2026-08-27_USER_CLARIFICATION.md,物候期.xlsx,Sheet1,3,K,K3,A2,46086,n,General,ok
hongming,haikou,haikou_region_proxy,白糖罂,2022,pheno_Sheet1_r03,fruit_drop_1,2022-03-08,2022,67,2026-03-08,A_column_harvest_year_plus_original_month_day,1,harvest_year_column_A,experiments_guide/2026-08-27_USER_CLARIFICATION.md,物候期.xlsx,Sheet1,3,L,L3,A2,46089,n,General,ok
hongming,haikou,haikou_region_proxy,白糖罂,2022,pheno_Sheet1_r03,fruit_drop_2,2022-04-07,2022,97,2026-04-07,A_column_harvest_year_plus_original_month_day,1,harvest_year_column_A,experiments_guide/2026-08-27_USER_CLARIFICATION.md,物候期.xlsx,Sheet1,3,M,M3,A2,46119,n,General,ok
hongming,haikou,haikou_region_proxy,白糖罂,2022,pheno_Sheet1_r03,color_break,2022-04-25,2022,115,2026-04-25,A_column_harvest_year_plus_original_month_day,1,harvest_year_column_A,experiments_guide/2026-08-27_USER_CLARIFICATION.md,物候期.xlsx,Sheet1,3,O,O3,A2,46137,n,General,ok
hongming,haikou,haikou_region_proxy,白糖罂,2022,pheno_Sheet1_r03,maturity,2022-05-10,2022,130,2026-05-10,A_column_harvest_year_plus_original_month_day,1,harvest_year_column_A,experiments_guide/2026-08-27_USER_CLARIFICATION.md,物候期.xlsx,Sheet1,3,P,P3,A2,46152,n,General,ok
luhong,lingshui,lingshui_region_proxy,妃子笑,2022,pheno_Sheet1_r04,autumn_flush_mature,2021-08-28,2021,240,2026-08-28,A_column_harvest_year_plus_original_month_day,1,harvest_year_column_A,experiments_guide/2026-08-27_USER_CLARIFICATION.md,物候期.xlsx,Sheet1,4,E,E4,A2,46262,n,General,ok
luhong,lingshui,lingshui_region_proxy,妃子笑,2022,pheno_Sheet1_r04,white_tip,2021-12-25,2021,359,2021-12-25,A_column_harvest_year_plus_original_month_day,0,harvest_year_column_A,experiments_guide/2026-08-27_USER_CLARIFICATION.md,物候期.xlsx,Sheet1,4,F,F4,A2,44555,n,General,ok
luhong,lingshui,lingshui_region_proxy,妃子笑,2022,pheno_Sheet1_r04,inflorescence_emergence,2022-01-03,2022,3,2026-01-03,A_column_harvest_year_plus_original_month_day,1,harvest_year_column_A,experiments_guide/2026-08-27_USER_CLARIFICATION.md,物候期.xlsx,Sheet1,4,G,G4,A2,46025,n,General,ok
luhong,lingshui,lingshui_region_proxy,妃子笑,2022,pheno_Sheet1_r04,initial_bloom,2022-02-01,2022,32,2026-02-01,A_column_harvest_year_plus_original_month_day,1,harvest_year_column_A,experiments_guide/2026-08-27_USER_CLARIFICATION.md,物候期.xlsx,Sheet1,4,H,H4,A2,46054,n,General,ok
luhong,lingshui,lingshui_region_proxy,妃子笑,2022,pheno_Sheet1_r04,full_bloom,2022-02-15,2022,46,2026-02-15,A_column_harvest_year_plus_original_month_day,1,harvest_year_column_A,experiments_guide/2026-08-27_USER_CLARIFICATION.md,物候期.xlsx,Sheet1,4,I,I4,A2,46068,n,General,ok
luhong,lingshui,lingshui_region_proxy,妃子笑,2022,pheno_Sheet1_r04,end_bloom,2022-02-25,2022,56,2026-02-25,A_column_harvest_year_plus_original_month_day,1,harvest_year_column_A,experiments_guide/2026-08-27_USER_CLARIFICATION.md,物候期.xlsx,Sheet1,4,J,J4,A2,46078,n,General,ok
luhong,lingshui,lingshui_region_proxy,妃子笑,2022,pheno_Sheet1_r04,initial_fruit_set,2022-02-20,2022,51,2026-02-20,A_column_harvest_year_plus_original_month_day,1,harvest_year_column_A,experiments_guide/2026-08-27_USER_CLARIFICATION.md,物候期.xlsx,Sheet1,4,K,K4,A2,46073,n,General,ok
luhong,lingshui,lingshui_region_proxy,妃子笑,2022,pheno_Sheet1_r04,fruit_drop_1,2022-02-27,2022,58,2026-02-27,A_column_harvest_year_plus_original_month_day,1,harvest_year_column_A,experiments_guide/2026-08-27_USER_CLARIFICATION.md,物候期.xlsx,Sheet1,4,L,L4,A2,46080,n,General,ok
luhong,lingshui,lingshui_region_proxy,妃子笑,2022,pheno_Sheet1_r04,fruit_drop_2,2022-03-10,2022,69,2026-03-10,A_column_harvest_year_plus_original_month_day,1,harvest_year_column_A,experiments_guide/2026-08-27_USER_CLARIFICATION.md,物候期.xlsx,Sheet1,4,M,M4,A2,46091,n,General,ok
luhong,lingshui,lingshui_region_proxy,妃子笑,2022,pheno_Sheet1_r04,color_break,2022-04-15,2022,105,2026-04-15,A_column_harvest_year_plus_original_month_day,1,harvest_year_column_A,experiments_guide/2026-08-27_USER_CLARIFICATION.md,物候期.xlsx,Sheet1,4,O,O4,A2,46127,n,General,ok
luhong,lingshui,lingshui_region_proxy,妃子笑,2022,pheno_Sheet1_r04,maturity,2022-04-25,2022,115,2026-04-25,A_column_harvest_year_plus_original_month_day,1,harvest_year_column_A,experiments_guide/2026-08-27_USER_CLARIFICATION.md,物候期.xlsx,Sheet1,4,P,P4,A2,46137,n,General,ok
bannei,haikou,haikou_region_proxy,妃子笑,2023,pheno_Sheet1_r05,autumn_flush_mature,2022-09-25,2022,268,2026-09-25,A_column_harvest_year_plus_original_month_day,1,harvest_year_column_A,experiments_guide/2026-08-27_USER_CLARIFICATION.md,物候期.xlsx,Sheet1,5,E,E5,A5,46290,n,General,ok
bannei,haikou,haikou_region_proxy,妃子笑,2023,pheno_Sheet1_r05,white_tip,2023-01-03,2023,3,2022-01-03,A_column_harvest_year_plus_original_month_day,1,harvest_year_column_A,experiments_guide/2026-08-27_USER_CLARIFICATION.md,物候期.xlsx,Sheet1,5,F,F5,A5,44564,n,General,ok
bannei,haikou,haikou_region_proxy,妃子笑,2023,pheno_Sheet1_r05,inflorescence_emergence,2023-01-20,2023,20,2026-01-20,A_column_harvest_year_plus_original_month_day,1,harvest_year_column_A,experiments_guide/2026-08-27_USER_CLARIFICATION.md,物候期.xlsx,Sheet1,5,G,G5,A5,46042,n,General,ok
bannei,haikou,haikou_region_proxy,妃子笑,2023,pheno_Sheet1_r05,initial_bloom,2023-03-01,2023,60,2026-03-01,A_column_harvest_year_plus_original_month_day,1,harvest_year_column_A,experiments_guide/2026-08-27_USER_CLARIFICATION.md,物候期.xlsx,Sheet1,5,H,H5,A5,46082,n,General,ok
bannei,haikou,haikou_region_proxy,妃子笑,2023,pheno_Sheet1_r05,full_bloom,2023-03-10,2023,69,2026-03-10,A_column_harvest_year_plus_original_month_day,1,harvest_year_column_A,experiments_guide/2026-08-27_USER_CLARIFICATION.md,物候期.xlsx,Sheet1,5,I,I5,A5,46091,n,General,ok
bannei,haikou,haikou_region_proxy,妃子笑,2023,pheno_Sheet1_r05,end_bloom,2023-03-15,2023,74,2026-03-15,A_column_harvest_year_plus_original_month_day,1,harvest_year_column_A,experiments_guide/2026-08-27_USER_CLARIFICATION.md,物候期.xlsx,Sheet1,5,J,J5,A5,46096,n,General,ok
bannei,haikou,haikou_region_proxy,妃子笑,2023,pheno_Sheet1_r05,initial_fruit_set,2023-03-15,2023,74,2026-03-15,A_column_harvest_year_plus_original_month_day,1,harvest_year_column_A,experiments_guide/2026-08-27_USER_CLARIFICATION.md,物候期.xlsx,Sheet1,5,K,K5,A5,46096,n,General,ok
bannei,haikou,haikou_region_proxy,妃子笑,2023,pheno_Sheet1_r05,fruit_drop_1,2023-03-10,2023,69,2026-03-10,A_column_harvest_year_plus_original_month_day,1,harvest_year_column_A,experiments_guide/2026-08-27_USER_CLARIFICATION.md,物候期.xlsx,Sheet1,5,L,L5,A5,46091,n,General,ok
bannei,haikou,haikou_region_proxy,妃子笑,2023,pheno_Sheet1_r05,fruit_drop_2,2023-04-03,2023,93,2026-04-03,A_column_harvest_year_plus_original_month_day,1,harvest_year_column_A,experiments_guide/2026-08-27_USER_CLARIFICATION.md,物候期.xlsx,Sheet1,5,M,M5,A5,46115,n,General,ok
bannei,haikou,haikou_region_proxy,妃子笑,2023,pheno_Sheet1_r05,color_break,2023-05-01,2023,121,2026-05-01,A_column_harvest_year_plus_original_month_day,1,harvest_year_column_A,experiments_guide/2026-08-27_USER_CLARIFICATION.md,物候期.xlsx,Sheet1,5,O,O5,A5,46143,n,General,ok
bannei,haikou,haikou_region_proxy,妃子笑,2023,pheno_Sheet1_r05,maturity,2023-05-22,2023,142,2026-05-22,A_column_harvest_year_plus_original_month_day,1,harvest_year_column_A,experiments_guide/2026-08-27_USER_CLARIFICATION.md,物候期.xlsx,Sheet1,5,P,P5,A5,46164,n,General,ok
hongming,haikou,haikou_region_proxy,白糖罂,2023,pheno_Sheet1_r06,autumn_flush_mature,2022-09-20,2022,263,2026-09-20,A_column_harvest_year_plus_original_month_day,1,harvest_year_column_A,experiments_guide/2026-08-27_USER_CLARIFICATION.md,物候期.xlsx,Sheet1,6,E,E6,A5,46285,n,General,ok
hongming,haikou,haikou_region_proxy,白糖罂,2023,pheno_Sheet1_r06,white_tip,2023-01-05,2023,5,2022-01-05,A_column_harvest_year_plus_original_month_day,1,harvest_year_column_A,experiments_guide/2026-08-27_USER_CLARIFICATION.md,物候期.xlsx,Sheet1,6,F,F6,A5,44566,n,General,ok
hongming,haikou,haikou_region_proxy,白糖罂,2023,pheno_Sheet1_r06,inflorescence_emergence,2023-01-15,2023,15,2026-01-15,A_column_harvest_year_plus_original_month_day,1,harvest_year_column_A,experiments_guide/2026-08-27_USER_CLARIFICATION.md,物候期.xlsx,Sheet1,6,G,G6,A5,46037,n,General,ok
hongming,haikou,haikou_region_proxy,白糖罂,2023,pheno_Sheet1_r06,initial_bloom,2023-02-28,2023,59,2026-02-28,A_column_harvest_year_plus_original_month_day,1,harvest_year_column_A,experiments_guide/2026-08-27_USER_CLARIFICATION.md,物候期.xlsx,Sheet1,6,H,H6,A5,46081,n,General,ok
hongming,haikou,haikou_region_proxy,白糖罂,2023,pheno_Sheet1_r06,full_bloom,2023-03-10,2023,69,2026-03-10,A_column_harvest_year_plus_original_month_day,1,harvest_year_column_A,experiments_guide/2026-08-27_USER_CLARIFICATION.md,物候期.xlsx,Sheet1,6,I,I6,A5,46091,n,General,ok
hongming,haikou,haikou_region_proxy,白糖罂,2023,pheno_Sheet1_r06,end_bloom,2023-03-20,2023,79,2026-03-20,A_column_harvest_year_plus_original_month_day,1,harvest_year_column_A,experiments_guide/2026-08-27_USER_CLARIFICATION.md,物候期.xlsx,Sheet1,6,J,J6,A5,46101,n,General,ok
hongming,haikou,haikou_region_proxy,白糖罂,2023,pheno_Sheet1_r06,initial_fruit_set,2023-03-15,2023,74,2026-03-15,A_column_harvest_year_plus_original_month_day,1,harvest_year_column_A,experiments_guide/2026-08-27_USER_CLARIFICATION.md,物候期.xlsx,Sheet1,6,K,K6,A5,46096,n,General,ok
hongming,haikou,haikou_region_proxy,白糖罂,2023,pheno_Sheet1_r06,fruit_drop_1,2023-03-18,2023,77,2026-03-18,A_column_harvest_year_plus_original_month_day,1,harvest_year_column_A,experiments_guide/2026-08-27_USER_CLARIFICATION.md,物候期.xlsx,Sheet1,6,L,L6,A5,46099,n,General,ok
hongming,haikou,haikou_region_proxy,白糖罂,2023,pheno_Sheet1_r06,fruit_drop_2,2023-04-10,2023,100,2026-04-10,A_column_harvest_year_plus_original_month_day,1,harvest_year_column_A,experiments_guide/2026-08-27_USER_CLARIFICATION.md,物候期.xlsx,Sheet1,6,M,M6,A5,46122,n,General,ok
hongming,haikou,haikou_region_proxy,白糖罂,2023,pheno_Sheet1_r06,color_break,2023-05-05,2023,125,2026-05-05,A_column_harvest_year_plus_original_month_day,1,harvest_year_column_A,experiments_guide/2026-08-27_USER_CLARIFICATION.md,物候期.xlsx,Sheet1,6,O,O6,A5,46147,n,General,ok
hongming,haikou,haikou_region_proxy,白糖罂,2023,pheno_Sheet1_r06,maturity,2023-05-18,2023,138,2026-05-18,A_column_harvest_year_plus_original_month_day,1,harvest_year_column_A,experiments_guide/2026-08-27_USER_CLARIFICATION.md,物候期.xlsx,Sheet1,6,P,P6,A5,46160,n,General,ok
luhong,lingshui,lingshui_region_proxy,妃子笑,2023,pheno_Sheet1_r07,autumn_flush_mature,2022-08-28,2022,240,2026-08-28,A_column_harvest_year_plus_original_month_day,1,harvest_year_column_A,experiments_guide/2026-08-27_USER_CLARIFICATION.md,物候期.xlsx,Sheet1,7,E,E7,A5,46262,n,General,ok
luhong,lingshui,lingshui_region_proxy,妃子笑,2023,pheno_Sheet1_r07,white_tip,2022-12-15,2022,349,2022-12-15,A_column_harvest_year_plus_original_month_day,0,harvest_year_column_A,experiments_guide/2026-08-27_USER_CLARIFICATION.md,物候期.xlsx,Sheet1,7,F,F7,A5,44910,n,General,ok
luhong,lingshui,lingshui_region_proxy,妃子笑,2023,pheno_Sheet1_r07,inflorescence_emergence,2023-01-03,2023,3,2026-01-03,A_column_harvest_year_plus_original_month_day,1,harvest_year_column_A,experiments_guide/2026-08-27_USER_CLARIFICATION.md,物候期.xlsx,Sheet1,7,G,G7,A5,46025,n,General,ok
luhong,lingshui,lingshui_region_proxy,妃子笑,2023,pheno_Sheet1_r07,initial_bloom,2023-02-01,2023,32,2026-02-01,A_column_harvest_year_plus_original_month_day,1,harvest_year_column_A,experiments_guide/2026-08-27_USER_CLARIFICATION.md,物候期.xlsx,Sheet1,7,H,H7,A5,46054,n,General,ok
luhong,lingshui,lingshui_region_proxy,妃子笑,2023,pheno_Sheet1_r07,full_bloom,2023-02-15,2023,46,2026-02-15,A_column_harvest_year_plus_original_month_day,1,harvest_year_column_A,experiments_guide/2026-08-27_USER_CLARIFICATION.md,物候期.xlsx,Sheet1,7,I,I7,A5,46068,n,General,ok
luhong,lingshui,lingshui_region_proxy,妃子笑,2023,pheno_Sheet1_r07,end_bloom,2023-02-25,2023,56,2026-02-25,A_column_harvest_year_plus_original_month_day,1,harvest_year_column_A,experiments_guide/2026-08-27_USER_CLARIFICATION.md,物候期.xlsx,Sheet1,7,J,J7,A5,46078,n,General,ok
luhong,lingshui,lingshui_region_proxy,妃子笑,2023,pheno_Sheet1_r07,initial_fruit_set,2023-02-20,2023,51,2026-02-20,A_column_harvest_year_plus_original_month_day,1,harvest_year_column_A,experiments_guide/2026-08-27_USER_CLARIFICATION.md,物候期.xlsx,Sheet1,7,K,K7,A5,46073,n,General,ok
luhong,lingshui,lingshui_region_proxy,妃子笑,2023,pheno_Sheet1_r07,fruit_drop_1,2023-02-27,2023,58,2026-02-27,A_column_harvest_year_plus_original_month_day,1,harvest_year_column_A,experiments_guide/2026-08-27_USER_CLARIFICATION.md,物候期.xlsx,Sheet1,7,L,L7,A5,46080,n,General,ok
luhong,lingshui,lingshui_region_proxy,妃子笑,2023,pheno_Sheet1_r07,fruit_drop_2,2023-03-10,2023,69,2026-03-10,A_column_harvest_year_plus_original_month_day,1,harvest_year_column_A,experiments_guide/2026-08-27_USER_CLARIFICATION.md,物候期.xlsx,Sheet1,7,M,M7,A5,46091,n,General,ok
luhong,lingshui,lingshui_region_proxy,妃子笑,2023,pheno_Sheet1_r07,color_break,2023-04-15,2023,105,2026-04-15,A_column_harvest_year_plus_original_month_day,1,harvest_year_column_A,experiments_guide/2026-08-27_USER_CLARIFICATION.md,物候期.xlsx,Sheet1,7,O,O7,A5,46127,n,General,ok
luhong,lingshui,lingshui_region_proxy,妃子笑,2023,pheno_Sheet1_r07,maturity,2023-05-05,2023,125,2026-05-05,A_column_harvest_year_plus_original_month_day,1,harvest_year_column_A,experiments_guide/2026-08-27_USER_CLARIFICATION.md,物候期.xlsx,Sheet1,7,P,P7,A5,46147,n,General,ok
bannei,haikou,haikou_region_proxy,妃子笑,2024,pheno_Sheet1_r08,autumn_flush_mature,2023-09-25,2023,268,2026-09-25,A_column_harvest_year_plus_original_month_day,1,harvest_year_column_A,experiments_guide/2026-08-27_USER_CLARIFICATION.md,物候期.xlsx,Sheet1,8,E,E8,A8,46290,n,General,ok
bannei,haikou,haikou_region_proxy,妃子笑,2024,pheno_Sheet1_r08,white_tip,2024-01-15,2024,15,2026-01-15,A_column_harvest_year_plus_original_month_day,1,harvest_year_column_A,experiments_guide/2026-08-27_USER_CLARIFICATION.md,物候期.xlsx,Sheet1,8,F,F8,A8,46037,n,General,ok
bannei,haikou,haikou_region_proxy,妃子笑,2024,pheno_Sheet1_r08,inflorescence_emergence,2024-02-01,2024,32,2026-02-01,A_column_harvest_year_plus_original_month_day,1,harvest_year_column_A,experiments_guide/2026-08-27_USER_CLARIFICATION.md,物候期.xlsx,Sheet1,8,G,G8,A8,46054,n,General,ok
bannei,haikou,haikou_region_proxy,妃子笑,2024,pheno_Sheet1_r08,initial_bloom,2024-02-28,2024,59,2026-02-28,A_column_harvest_year_plus_original_month_day,1,harvest_year_column_A,experiments_guide/2026-08-27_USER_CLARIFICATION.md,物候期.xlsx,Sheet1,8,H,H8,A8,46081,n,General,ok
bannei,haikou,haikou_region_proxy,妃子笑,2024,pheno_Sheet1_r08,full_bloom,2024-03-17,2024,77,2026-03-17,A_column_harvest_year_plus_original_month_day,1,harvest_year_column_A,experiments_guide/2026-08-27_USER_CLARIFICATION.md,物候期.xlsx,Sheet1,8,I,I8,A8,46098,n,General,ok
bannei,haikou,haikou_region_proxy,妃子笑,2024,pheno_Sheet1_r08,end_bloom,2024-03-23,2024,83,2026-03-23,A_column_harvest_year_plus_original_month_day,1,harvest_year_column_A,experiments_guide/2026-08-27_USER_CLARIFICATION.md,物候期.xlsx,Sheet1,8,J,J8,A8,46104,n,General,ok
bannei,haikou,haikou_region_proxy,妃子笑,2024,pheno_Sheet1_r08,initial_fruit_set,2024-03-20,2024,80,2026-03-20,A_column_harvest_year_plus_original_month_day,1,harvest_year_column_A,experiments_guide/2026-08-27_USER_CLARIFICATION.md,物候期.xlsx,Sheet1,8,K,K8,A8,46101,n,General,ok
bannei,haikou,haikou_region_proxy,妃子笑,2024,pheno_Sheet1_r08,fruit_drop_1,2024-03-22,2024,82,2026-03-22,A_column_harvest_year_plus_original_month_day,1,harvest_year_column_A,experiments_guide/2026-08-27_USER_CLARIFICATION.md,物候期.xlsx,Sheet1,8,L,L8,A8,46103,n,General,ok
bannei,haikou,haikou_region_proxy,妃子笑,2024,pheno_Sheet1_r08,fruit_drop_2,2024-04-03,2024,94,2026-04-03,A_column_harvest_year_plus_original_month_day,1,harvest_year_column_A,experiments_guide/2026-08-27_USER_CLARIFICATION.md,物候期.xlsx,Sheet1,8,M,M8,A8,46115,n,General,ok
bannei,haikou,haikou_region_proxy,妃子笑,2024,pheno_Sheet1_r08,color_break,2024-04-28,2024,119,2026-04-28,A_column_harvest_year_plus_original_month_day,1,harvest_year_column_A,experiments_guide/2026-08-27_USER_CLARIFICATION.md,物候期.xlsx,Sheet1,8,O,O8,A8,46140,n,General,ok
bannei,haikou,haikou_region_proxy,妃子笑,2024,pheno_Sheet1_r08,maturity,2024-05-13,2024,134,2026-05-13,A_column_harvest_year_plus_original_month_day,1,harvest_year_column_A,experiments_guide/2026-08-27_USER_CLARIFICATION.md,物候期.xlsx,Sheet1,8,P,P8,A8,46155,n,General,ok
hongming,haikou,haikou_region_proxy,白糖罂,2024,pheno_Sheet1_r09,autumn_flush_mature,2023-09-20,2023,263,2026-09-20,A_column_harvest_year_plus_original_month_day,1,harvest_year_column_A,experiments_guide/2026-08-27_USER_CLARIFICATION.md,物候期.xlsx,Sheet1,9,E,E9,A8,46285,n,General,ok
hongming,haikou,haikou_region_proxy,白糖罂,2024,pheno_Sheet1_r09,white_tip,2024-01-10,2024,10,2026-01-10,A_column_harvest_year_plus_original_month_day,1,harvest_year_column_A,experiments_guide/2026-08-27_USER_CLARIFICATION.md,物候期.xlsx,Sheet1,9,F,F9,A8,46032,n,General,ok
hongming,haikou,haikou_region_proxy,白糖罂,2024,pheno_Sheet1_r09,inflorescence_emergence,2024-01-25,2024,25,2026-01-25,A_column_harvest_year_plus_original_month_day,1,harvest_year_column_A,experiments_guide/2026-08-27_USER_CLARIFICATION.md,物候期.xlsx,Sheet1,9,G,G9,A8,46047,n,General,ok
hongming,haikou,haikou_region_proxy,白糖罂,2024,pheno_Sheet1_r09,initial_bloom,2024-03-01,2024,61,2026-03-01,A_column_harvest_year_plus_original_month_day,1,harvest_year_column_A,experiments_guide/2026-08-27_USER_CLARIFICATION.md,物候期.xlsx,Sheet1,9,H,H9,A8,46082,n,General,ok
hongming,haikou,haikou_region_proxy,白糖罂,2024,pheno_Sheet1_r09,full_bloom,2024-03-10,2024,70,2026-03-10,A_column_harvest_year_plus_original_month_day,1,harvest_year_column_A,experiments_guide/2026-08-27_USER_CLARIFICATION.md,物候期.xlsx,Sheet1,9,I,I9,A8,46091,n,General,ok
hongming,haikou,haikou_region_proxy,白糖罂,2024,pheno_Sheet1_r09,end_bloom,2024-03-20,2024,80,2026-03-20,A_column_harvest_year_plus_original_month_day,1,harvest_year_column_A,experiments_guide/2026-08-27_USER_CLARIFICATION.md,物候期.xlsx,Sheet1,9,J,J9,A8,46101,n,General,ok
hongming,haikou,haikou_region_proxy,白糖罂,2024,pheno_Sheet1_r09,initial_fruit_set,2024-03-15,2024,75,2026-03-15,A_column_harvest_year_plus_original_month_day,1,harvest_year_column_A,experiments_guide/2026-08-27_USER_CLARIFICATION.md,物候期.xlsx,Sheet1,9,K,K9,A8,46096,n,General,ok
hongming,haikou,haikou_region_proxy,白糖罂,2024,pheno_Sheet1_r09,fruit_drop_1,2024-03-18,2024,78,2026-03-18,A_column_harvest_year_plus_original_month_day,1,harvest_year_column_A,experiments_guide/2026-08-27_USER_CLARIFICATION.md,物候期.xlsx,Sheet1,9,L,L9,A8,46099,n,General,ok
hongming,haikou,haikou_region_proxy,白糖罂,2024,pheno_Sheet1_r09,fruit_drop_2,2024-04-10,2024,101,2026-04-10,A_column_harvest_year_plus_original_month_day,1,harvest_year_column_A,experiments_guide/2026-08-27_USER_CLARIFICATION.md,物候期.xlsx,Sheet1,9,M,M9,A8,46122,n,General,ok
hongming,haikou,haikou_region_proxy,白糖罂,2024,pheno_Sheet1_r09,color_break,2024-05-01,2024,122,2026-05-01,A_column_harvest_year_plus_original_month_day,1,harvest_year_column_A,experiments_guide/2026-08-27_USER_CLARIFICATION.md,物候期.xlsx,Sheet1,9,O,O9,A8,46143,n,General,ok
hongming,haikou,haikou_region_proxy,白糖罂,2024,pheno_Sheet1_r09,maturity,2024-05-12,2024,133,2026-05-12,A_column_harvest_year_plus_original_month_day,1,harvest_year_column_A,experiments_guide/2026-08-27_USER_CLARIFICATION.md,物候期.xlsx,Sheet1,9,P,P9,A8,46154,n,General,ok
luhong,lingshui,lingshui_region_proxy,妃子笑,2024,pheno_Sheet1_r10,autumn_flush_mature,2023-09-05,2023,248,2026-09-05,A_column_harvest_year_plus_original_month_day,1,harvest_year_column_A,experiments_guide/2026-08-27_USER_CLARIFICATION.md,物候期.xlsx,Sheet1,10,E,E10,A8,46270,n,General,ok
luhong,lingshui,lingshui_region_proxy,妃子笑,2024,pheno_Sheet1_r10,white_tip,2024-01-08,2024,8,2026-01-08,A_column_harvest_year_plus_original_month_day,1,harvest_year_column_A,experiments_guide/2026-08-27_USER_CLARIFICATION.md,物候期.xlsx,Sheet1,10,F,F10,A8,46030,n,General,ok
luhong,lingshui,lingshui_region_proxy,妃子笑,2024,pheno_Sheet1_r10,inflorescence_emergence,2024-01-16,2024,16,2026-01-16,A_column_harvest_year_plus_original_month_day,1,harvest_year_column_A,experiments_guide/2026-08-27_USER_CLARIFICATION.md,物候期.xlsx,Sheet1,10,G,G10,A8,46038,n,General,ok
luhong,lingshui,lingshui_region_proxy,妃子笑,2024,pheno_Sheet1_r10,initial_bloom,2024-02-01,2024,32,2026-02-01,A_column_harvest_year_plus_original_month_day,1,harvest_year_column_A,experiments_guide/2026-08-27_USER_CLARIFICATION.md,物候期.xlsx,Sheet1,10,H,H10,A8,46054,n,General,ok
luhong,lingshui,lingshui_region_proxy,妃子笑,2024,pheno_Sheet1_r10,full_bloom,2024-02-15,2024,46,2026-02-15,A_column_harvest_year_plus_original_month_day,1,harvest_year_column_A,experiments_guide/2026-08-27_USER_CLARIFICATION.md,物候期.xlsx,Sheet1,10,I,I10,A8,46068,n,General,ok
luhong,lingshui,lingshui_region_proxy,妃子笑,2024,pheno_Sheet1_r10,end_bloom,2024-03-10,2024,70,2026-03-10,A_column_harvest_year_plus_original_month_day,1,harvest_year_column_A,experiments_guide/2026-08-27_USER_CLARIFICATION.md,物候期.xlsx,Sheet1,10,J,J10,A8,46091,n,General,ok
luhong,lingshui,lingshui_region_proxy,妃子笑,2024,pheno_Sheet1_r10,initial_fruit_set,2024-02-25,2024,56,2026-02-25,A_column_harvest_year_plus_original_month_day,1,harvest_year_column_A,experiments_guide/2026-08-27_USER_CLARIFICATION.md,物候期.xlsx,Sheet1,10,K,K10,A8,46078,n,General,ok
luhong,lingshui,lingshui_region_proxy,妃子笑,2024,pheno_Sheet1_r10,fruit_drop_1,2024-03-10,2024,70,2026-03-10,A_column_harvest_year_plus_original_month_day,1,harvest_year_column_A,experiments_guide/2026-08-27_USER_CLARIFICATION.md,物候期.xlsx,Sheet1,10,L,L10,A8,46091,n,General,ok
luhong,lingshui,lingshui_region_proxy,妃子笑,2024,pheno_Sheet1_r10,fruit_drop_2,2024-04-07,2024,98,2026-04-07,A_column_harvest_year_plus_original_month_day,1,harvest_year_column_A,experiments_guide/2026-08-27_USER_CLARIFICATION.md,物候期.xlsx,Sheet1,10,M,M10,A8,46119,n,General,ok
luhong,lingshui,lingshui_region_proxy,妃子笑,2024,pheno_Sheet1_r10,color_break,2024-04-20,2024,111,2026-04-20,A_column_harvest_year_plus_original_month_day,1,harvest_year_column_A,experiments_guide/2026-08-27_USER_CLARIFICATION.md,物候期.xlsx,Sheet1,10,O,O10,A8,46132,n,General,ok
luhong,lingshui,lingshui_region_proxy,妃子笑,2024,pheno_Sheet1_r10,maturity,2024-05-05,2024,126,2026-05-05,A_column_harvest_year_plus_original_month_day,1,harvest_year_column_A,experiments_guide/2026-08-27_USER_CLARIFICATION.md,物候期.xlsx,Sheet1,10,P,P10,A8,46147,n,General,ok
bannei,haikou,haikou_region_proxy,妃子笑,2025,pheno_Sheet1_r11,autumn_flush_mature,2024-09-25,2024,269,2026-09-25,A_column_harvest_year_plus_original_month_day,1,harvest_year_column_A,experiments_guide/2026-08-27_USER_CLARIFICATION.md,物候期.xlsx,Sheet1,11,E,E11,A11,46290,n,General,ok
bannei,haikou,haikou_region_proxy,妃子笑,2025,pheno_Sheet1_r11,white_tip,2025-01-12,2025,12,2026-01-12,A_column_harvest_year_plus_original_month_day,1,harvest_year_column_A,experiments_guide/2026-08-27_USER_CLARIFICATION.md,物候期.xlsx,Sheet1,11,F,F11,A11,46034,n,General,ok
bannei,haikou,haikou_region_proxy,妃子笑,2025,pheno_Sheet1_r11,inflorescence_emergence,2025-02-01,2025,32,2026-02-01,A_column_harvest_year_plus_original_month_day,1,harvest_year_column_A,experiments_guide/2026-08-27_USER_CLARIFICATION.md,物候期.xlsx,Sheet1,11,G,G11,A11,46054,n,General,ok
bannei,haikou,haikou_region_proxy,妃子笑,2025,pheno_Sheet1_r11,initial_bloom,2025-02-28,2025,59,2026-02-28,A_column_harvest_year_plus_original_month_day,1,harvest_year_column_A,experiments_guide/2026-08-27_USER_CLARIFICATION.md,物候期.xlsx,Sheet1,11,H,H11,A11,46081,n,General,ok
hongming,haikou,haikou_region_proxy,白糖罂,2025,pheno_Sheet1_r12,autumn_flush_mature,2024-09-20,2024,264,2026-09-20,A_column_harvest_year_plus_original_month_day,1,harvest_year_column_A,experiments_guide/2026-08-27_USER_CLARIFICATION.md,物候期.xlsx,Sheet1,12,E,E12,A11,46285,n,General,ok
hongming,haikou,haikou_region_proxy,白糖罂,2025,pheno_Sheet1_r12,white_tip,2025-01-20,2025,20,2026-01-20,A_column_harvest_year_plus_original_month_day,1,harvest_year_column_A,experiments_guide/2026-08-27_USER_CLARIFICATION.md,物候期.xlsx,Sheet1,12,F,F12,A11,46042,n,General,ok
hongming,haikou,haikou_region_proxy,白糖罂,2025,pheno_Sheet1_r12,inflorescence_emergence,2025-01-25,2025,25,2026-01-25,A_column_harvest_year_plus_original_month_day,1,harvest_year_column_A,experiments_guide/2026-08-27_USER_CLARIFICATION.md,物候期.xlsx,Sheet1,12,G,G12,A11,46047,n,General,ok
hongming,haikou,haikou_region_proxy,白糖罂,2025,pheno_Sheet1_r12,initial_bloom,2025-03-01,2025,60,2026-03-01,A_column_harvest_year_plus_original_month_day,1,harvest_year_column_A,experiments_guide/2026-08-27_USER_CLARIFICATION.md,物候期.xlsx,Sheet1,12,H,H12,A11,46082,n,General,ok
hongming,haikou,haikou_region_proxy,白糖罂,2025,pheno_Sheet1_r12,full_bloom,2025-03-10,2025,69,2026-03-10,A_column_harvest_year_plus_original_month_day,1,harvest_year_column_A,experiments_guide/2026-08-27_USER_CLARIFICATION.md,物候期.xlsx,Sheet1,12,I,I12,A11,46091,n,General,ok
hongming,haikou,haikou_region_proxy,白糖罂,2025,pheno_Sheet1_r12,end_bloom,2025-03-20,2025,79,2026-03-20,A_column_harvest_year_plus_original_month_day,1,harvest_year_column_A,experiments_guide/2026-08-27_USER_CLARIFICATION.md,物候期.xlsx,Sheet1,12,J,J12,A11,46101,n,General,ok
hongming,haikou,haikou_region_proxy,白糖罂,2025,pheno_Sheet1_r12,initial_fruit_set,2025-03-15,2025,74,2026-03-15,A_column_harvest_year_plus_original_month_day,1,harvest_year_column_A,experiments_guide/2026-08-27_USER_CLARIFICATION.md,物候期.xlsx,Sheet1,12,K,K12,A11,46096,n,General,ok
hongming,haikou,haikou_region_proxy,白糖罂,2025,pheno_Sheet1_r12,fruit_drop_1,2025-03-18,2025,77,2026-03-18,A_column_harvest_year_plus_original_month_day,1,harvest_year_column_A,experiments_guide/2026-08-27_USER_CLARIFICATION.md,物候期.xlsx,Sheet1,12,L,L12,A11,46099,n,General,ok
hongming,haikou,haikou_region_proxy,白糖罂,2025,pheno_Sheet1_r12,fruit_drop_2,2025-04-10,2025,100,2026-04-10,A_column_harvest_year_plus_original_month_day,1,harvest_year_column_A,experiments_guide/2026-08-27_USER_CLARIFICATION.md,物候期.xlsx,Sheet1,12,M,M12,A11,46122,n,General,ok
hongming,haikou,haikou_region_proxy,白糖罂,2025,pheno_Sheet1_r12,color_break,2025-05-01,2025,121,2026-05-01,A_column_harvest_year_plus_original_month_day,1,harvest_year_column_A,experiments_guide/2026-08-27_USER_CLARIFICATION.md,物候期.xlsx,Sheet1,12,O,O12,A11,46143,n,General,ok
hongming,haikou,haikou_region_proxy,白糖罂,2025,pheno_Sheet1_r12,maturity,2025-05-25,2025,145,2026-05-25,A_column_harvest_year_plus_original_month_day,1,harvest_year_column_A,experiments_guide/2026-08-27_USER_CLARIFICATION.md,物候期.xlsx,Sheet1,12,P,P12,A11,46167,n,General,ok
luhong,lingshui,lingshui_region_proxy,妃子笑,2025,pheno_Sheet1_r13,autumn_flush_mature,2024-09-05,2024,249,2026-09-05,A_column_harvest_year_plus_original_month_day,1,harvest_year_column_A,experiments_guide/2026-08-27_USER_CLARIFICATION.md,物候期.xlsx,Sheet1,13,E,E13,A11,46270,n,General,ok
luhong,lingshui,lingshui_region_proxy,妃子笑,2025,pheno_Sheet1_r13,white_tip,2024-12-28,2024,363,2026-12-28,A_column_harvest_year_plus_original_month_day,1,harvest_year_column_A,experiments_guide/2026-08-27_USER_CLARIFICATION.md,物候期.xlsx,Sheet1,13,F,F13,A11,46384,n,General,ok
luhong,lingshui,lingshui_region_proxy,妃子笑,2025,pheno_Sheet1_r13,inflorescence_emergence,2025-01-16,2025,16,2026-01-16,A_column_harvest_year_plus_original_month_day,1,harvest_year_column_A,experiments_guide/2026-08-27_USER_CLARIFICATION.md,物候期.xlsx,Sheet1,13,G,G13,A11,46038,n,General,ok
luhong,lingshui,lingshui_region_proxy,妃子笑,2025,pheno_Sheet1_r13,initial_bloom,2025-02-01,2025,32,2026-02-01,A_column_harvest_year_plus_original_month_day,1,harvest_year_column_A,experiments_guide/2026-08-27_USER_CLARIFICATION.md,物候期.xlsx,Sheet1,13,H,H13,A11,46054,n,General,ok
luhong,lingshui,lingshui_region_proxy,妃子笑,2025,pheno_Sheet1_r13,full_bloom,2025-02-15,2025,46,2026-02-15,A_column_harvest_year_plus_original_month_day,1,harvest_year_column_A,experiments_guide/2026-08-27_USER_CLARIFICATION.md,物候期.xlsx,Sheet1,13,I,I13,A11,46068,n,General,ok
luhong,lingshui,lingshui_region_proxy,妃子笑,2025,pheno_Sheet1_r13,end_bloom,2025-03-10,2025,69,2026-03-10,A_column_harvest_year_plus_original_month_day,1,harvest_year_column_A,experiments_guide/2026-08-27_USER_CLARIFICATION.md,物候期.xlsx,Sheet1,13,J,J13,A11,46091,n,General,ok
luhong,lingshui,lingshui_region_proxy,妃子笑,2025,pheno_Sheet1_r13,initial_fruit_set,2025-02-25,2025,56,2026-02-25,A_column_harvest_year_plus_original_month_day,1,harvest_year_column_A,experiments_guide/2026-08-27_USER_CLARIFICATION.md,物候期.xlsx,Sheet1,13,K,K13,A11,46078,n,General,ok
luhong,lingshui,lingshui_region_proxy,妃子笑,2025,pheno_Sheet1_r13,fruit_drop_1,2025-03-10,2025,69,2026-03-10,A_column_harvest_year_plus_original_month_day,1,harvest_year_column_A,experiments_guide/2026-08-27_USER_CLARIFICATION.md,物候期.xlsx,Sheet1,13,L,L13,A11,46091,n,General,ok
luhong,lingshui,lingshui_region_proxy,妃子笑,2025,pheno_Sheet1_r13,fruit_drop_2,2025-04-07,2025,97,2026-04-07,A_column_harvest_year_plus_original_month_day,1,harvest_year_column_A,experiments_guide/2026-08-27_USER_CLARIFICATION.md,物候期.xlsx,Sheet1,13,M,M13,A11,46119,n,General,ok
luhong,lingshui,lingshui_region_proxy,妃子笑,2025,pheno_Sheet1_r13,color_break,2025-04-20,2025,110,2026-04-20,A_column_harvest_year_plus_original_month_day,1,harvest_year_column_A,experiments_guide/2026-08-27_USER_CLARIFICATION.md,物候期.xlsx,Sheet1,13,O,O13,A11,46132,n,General,ok
luhong,lingshui,lingshui_region_proxy,妃子笑,2025,pheno_Sheet1_r13,maturity,2025-05-05,2025,125,2026-05-05,A_column_harvest_year_plus_original_month_day,1,harvest_year_column_A,experiments_guide/2026-08-27_USER_CLARIFICATION.md,物候期.xlsx,Sheet1,13,P,P13,A11,46147,n,General,ok
bannei,haikou,haikou_region_proxy,妃子笑,2026,pheno_Sheet1_r14,autumn_flush_mature,2025-09-25,2025,268,2026-09-25,A_column_harvest_year_plus_original_month_day,1,harvest_year_column_A,experiments_guide/2026-08-27_USER_CLARIFICATION.md,物候期.xlsx,Sheet1,14,E,E14,A14,46290,n,General,ok
bannei,haikou,haikou_region_proxy,妃子笑,2026,pheno_Sheet1_r14,white_tip,2025-12-25,2025,359,2025-12-25,A_column_harvest_year_plus_original_month_day,0,harvest_year_column_A,experiments_guide/2026-08-27_USER_CLARIFICATION.md,物候期.xlsx,Sheet1,14,F,F14,A14,46016,n,General,ok
bannei,haikou,haikou_region_proxy,妃子笑,2026,pheno_Sheet1_r14,inflorescence_emergence,2026-01-10,2026,10,2026-01-10,A_column_harvest_year_plus_original_month_day,0,harvest_year_column_A,experiments_guide/2026-08-27_USER_CLARIFICATION.md,物候期.xlsx,Sheet1,14,G,G14,A14,46032,n,General,ok
bannei,haikou,haikou_region_proxy,妃子笑,2026,pheno_Sheet1_r14,initial_bloom,2026-02-12,2026,43,2026-02-12,A_column_harvest_year_plus_original_month_day,0,harvest_year_column_A,experiments_guide/2026-08-27_USER_CLARIFICATION.md,物候期.xlsx,Sheet1,14,H,H14,A14,46065,n,General,ok
bannei,haikou,haikou_region_proxy,妃子笑,2026,pheno_Sheet1_r14,full_bloom,2026-02-24,2026,55,2026-02-24,A_column_harvest_year_plus_original_month_day,0,harvest_year_column_A,experiments_guide/2026-08-27_USER_CLARIFICATION.md,物候期.xlsx,Sheet1,14,I,I14,A14,46077,n,General,ok
bannei,haikou,haikou_region_proxy,妃子笑,2026,pheno_Sheet1_r14,end_bloom,2026-03-01,2026,60,2026-03-01,A_column_harvest_year_plus_original_month_day,0,harvest_year_column_A,experiments_guide/2026-08-27_USER_CLARIFICATION.md,物候期.xlsx,Sheet1,14,J,J14,A14,46082,n,General,ok
bannei,haikou,haikou_region_proxy,妃子笑,2026,pheno_Sheet1_r14,initial_fruit_set,2026-03-05,2026,64,2026-03-05,A_column_harvest_year_plus_original_month_day,0,harvest_year_column_A,experiments_guide/2026-08-27_USER_CLARIFICATION.md,物候期.xlsx,Sheet1,14,K,K14,A14,46086,n,General,ok
bannei,haikou,haikou_region_proxy,妃子笑,2026,pheno_Sheet1_r14,fruit_drop_1,2026-03-18,2026,77,2026-03-18,A_column_harvest_year_plus_original_month_day,0,harvest_year_column_A,experiments_guide/2026-08-27_USER_CLARIFICATION.md,物候期.xlsx,Sheet1,14,L,L14,A14,46099,n,General,ok
bannei,haikou,haikou_region_proxy,妃子笑,2026,pheno_Sheet1_r14,fruit_drop_2,2026-04-15,2026,105,2026-04-15,A_column_harvest_year_plus_original_month_day,0,harvest_year_column_A,experiments_guide/2026-08-27_USER_CLARIFICATION.md,物候期.xlsx,Sheet1,14,M,M14,A14,46127,n,General,ok
bannei,haikou,haikou_region_proxy,妃子笑,2026,pheno_Sheet1_r14,color_break,2026-04-22,2026,112,2026-04-22,A_column_harvest_year_plus_original_month_day,0,harvest_year_column_A,experiments_guide/2026-08-27_USER_CLARIFICATION.md,物候期.xlsx,Sheet1,14,O,O14,A14,46134,n,General,ok
bannei,haikou,haikou_region_proxy,妃子笑,2026,pheno_Sheet1_r14,maturity,2026-05-02,2026,122,2026-05-02,A_column_harvest_year_plus_original_month_day,0,harvest_year_column_A,experiments_guide/2026-08-27_USER_CLARIFICATION.md,物候期.xlsx,Sheet1,14,P,P14,A14,46144,n,General,ok
luhong,lingshui,lingshui_region_proxy,妃子笑,2026,pheno_Sheet1_r16,autumn_flush_mature,2025-08-25,2025,237,2026-08-25,A_column_harvest_year_plus_original_month_day,1,harvest_year_column_A,experiments_guide/2026-08-27_USER_CLARIFICATION.md,物候期.xlsx,Sheet1,16,E,E16,A14,46259,n,General,ok
luhong,lingshui,lingshui_region_proxy,妃子笑,2026,pheno_Sheet1_r16,white_tip,2025-12-28,2025,362,2025-12-28,A_column_harvest_year_plus_original_month_day,0,harvest_year_column_A,experiments_guide/2026-08-27_USER_CLARIFICATION.md,物候期.xlsx,Sheet1,16,F,F16,A14,46019,n,General,ok
luhong,lingshui,lingshui_region_proxy,妃子笑,2026,pheno_Sheet1_r16,inflorescence_emergence,2026-01-01,2026,1,2026-01-01,A_column_harvest_year_plus_original_month_day,0,harvest_year_column_A,experiments_guide/2026-08-27_USER_CLARIFICATION.md,物候期.xlsx,Sheet1,16,G,G16,A14,46023,n,General,ok
luhong,lingshui,lingshui_region_proxy,妃子笑,2026,pheno_Sheet1_r16,initial_bloom,2026-02-05,2026,36,2026-02-05,A_column_harvest_year_plus_original_month_day,0,harvest_year_column_A,experiments_guide/2026-08-27_USER_CLARIFICATION.md,物候期.xlsx,Sheet1,16,H,H16,A14,46058,n,General,ok
luhong,lingshui,lingshui_region_proxy,妃子笑,2026,pheno_Sheet1_r16,full_bloom,2026-02-15,2026,46,2026-02-15,A_column_harvest_year_plus_original_month_day,0,harvest_year_column_A,experiments_guide/2026-08-27_USER_CLARIFICATION.md,物候期.xlsx,Sheet1,16,I,I16,A14,46068,n,General,ok
luhong,lingshui,lingshui_region_proxy,妃子笑,2026,pheno_Sheet1_r16,end_bloom,2026-03-15,2026,74,2026-03-15,A_column_harvest_year_plus_original_month_day,0,harvest_year_column_A,experiments_guide/2026-08-27_USER_CLARIFICATION.md,物候期.xlsx,Sheet1,16,J,J16,A14,46096,n,General,ok
luhong,lingshui,lingshui_region_proxy,妃子笑,2026,pheno_Sheet1_r16,initial_fruit_set,2026-03-12,2026,71,2026-03-12,A_column_harvest_year_plus_original_month_day,0,harvest_year_column_A,experiments_guide/2026-08-27_USER_CLARIFICATION.md,物候期.xlsx,Sheet1,16,K,K16,A14,46093,n,General,ok
luhong,lingshui,lingshui_region_proxy,妃子笑,2026,pheno_Sheet1_r16,fruit_drop_1,2026-03-10,2026,69,2026-03-10,A_column_harvest_year_plus_original_month_day,0,harvest_year_column_A,experiments_guide/2026-08-27_USER_CLARIFICATION.md,物候期.xlsx,Sheet1,16,L,L16,A14,46091,n,General,ok
luhong,lingshui,lingshui_region_proxy,妃子笑,2026,pheno_Sheet1_r16,fruit_drop_2,2026-04-10,2026,100,2026-04-10,A_column_harvest_year_plus_original_month_day,0,harvest_year_column_A,experiments_guide/2026-08-27_USER_CLARIFICATION.md,物候期.xlsx,Sheet1,16,M,M16,A14,46122,n,General,ok
luhong,lingshui,lingshui_region_proxy,妃子笑,2026,pheno_Sheet1_r16,color_break,2026-04-28,2026,118,2026-04-28,A_column_harvest_year_plus_original_month_day,0,harvest_year_column_A,experiments_guide/2026-08-27_USER_CLARIFICATION.md,物候期.xlsx,Sheet1,16,O,O16,A14,46140,n,General,ok
luhong,lingshui,lingshui_region_proxy,妃子笑,2026,pheno_Sheet1_r16,maturity,2026-05-10,2026,130,2026-05-10,A_column_harvest_year_plus_original_month_day,0,harvest_year_column_A,experiments_guide/2026-08-27_USER_CLARIFICATION.md,物候期.xlsx,Sheet1,16,P,P16,A14,46152,n,General,ok
