fit_id,validation,holdout_year,model_id,orchard_id,threshold,spec,inner_MAE_days,training_years,fit_season_ids,selection_mode
bannei_early_sensitivity_P1_P1-B0_LOYO_2022,LOYO,2022,P1-B0,bannei,123,"{""kind"": ""duration"", ""model_id"": ""P1-B0""}",9.5,2023;2024;2025;2026,bannei_2023;bannei_2024;bannei_2025;bannei_2026,nested_training_year_cv
bannei_early_sensitivity_P1_P1-B0_LOYO_2022,LOYO,2022,P1-B0,hongming,122,"{""kind"": ""duration"", ""model_id"": ""P1-B0""}",9.5,2023;2024;2025;2026,hongming_2023;hongming_2024,nested_training_year_cv
bannei_early_sensitivity_P1_P1-B0_LOYO_2022,LOYO,2022,P1-B0,luhong,131,"{""kind"": ""duration"", ""model_id"": ""P1-B0""}",9.5,2023;2024;2025;2026,luhong_2023;luhong_2024;luhong_2025;luhong_2026,nested_training_year_cv
bannei_early_sensitivity_P1_P1-B1_LOYO_2022,LOYO,2022,P1-B1,bannei,25,"{""kind"": ""calendar"", ""model_id"": ""P1-B1""}",13.2,2023;2024;2025;2026,bannei_2023;bannei_2024;bannei_2025;bannei_2026,nested_training_year_cv
bannei_early_sensitivity_P1_P1-B1_LOYO_2022,LOYO,2022,P1-B1,hongming,19,"{""kind"": ""calendar"", ""model_id"": ""P1-B1""}",13.2,2023;2024;2025;2026,hongming_2023;hongming_2024,nested_training_year_cv
bannei_early_sensitivity_P1_P1-B1_LOYO_2022,LOYO,2022,P1-B1,luhong,8.5,"{""kind"": ""calendar"", ""model_id"": ""P1-B1""}",13.2,2023;2024;2025;2026,luhong_2023;luhong_2024;luhong_2025;luhong_2026,nested_training_year_cv
bannei_early_sensitivity_P1_P1-D1_LOYO_2022,LOYO,2022,P1-D1,bannei,56,"{""kind"": ""cold_count_day"", ""model_id"": ""P1-D1"", ""temperature"": 22, ""variable"": ""tmin_c""}",6.7,2023;2024;2025;2026,bannei_2023;bannei_2024;bannei_2025;bannei_2026,nested_training_year_cv
bannei_early_sensitivity_P1_P1-D1_LOYO_2022,LOYO,2022,P1-D1,hongming,65,"{""kind"": ""cold_count_day"", ""model_id"": ""P1-D1"", ""temperature"": 22, ""variable"": ""tmin_c""}",6.7,2023;2024;2025;2026,hongming_2023;hongming_2024,nested_training_year_cv
bannei_early_sensitivity_P1_P1-D1_LOYO_2022,LOYO,2022,P1-D1,luhong,37,"{""kind"": ""cold_count_day"", ""model_id"": ""P1-D1"", ""temperature"": 22, ""variable"": ""tmin_c""}",6.7,2023;2024;2025;2026,luhong_2023;luhong_2024;luhong_2025;luhong_2026,nested_training_year_cv
bannei_early_sensitivity_P1_P1-D2_LOYO_2022,LOYO,2022,P1-D2,bannei,130,"{""kind"": ""cold_degree_day"", ""model_id"": ""P1-D2"", ""temperature"": 22}",26.2,2023;2024;2025;2026,bannei_2023;bannei_2024;bannei_2025;bannei_2026,nested_training_year_cv
bannei_early_sensitivity_P1_P1-D2_LOYO_2022,LOYO,2022,P1-D2,hongming,122.7,"{""kind"": ""cold_degree_day"", ""model_id"": ""P1-D2"", ""temperature"": 22}",26.2,2023;2024;2025;2026,hongming_2023;hongming_2024,nested_training_year_cv
bannei_early_sensitivity_P1_P1-D2_LOYO_2022,LOYO,2022,P1-D2,luhong,52.05,"{""kind"": ""cold_degree_day"", ""model_id"": ""P1-D2"", ""temperature"": 22}",26.2,2023;2024;2025;2026,luhong_2023;luhong_2024;luhong_2025;luhong_2026,nested_training_year_cv
bannei_early_sensitivity_P1_P1-H1_LOYO_2022,LOYO,2022,P1-H1,bannei,1122,"{""kind"": ""cold_count_hour"", ""model_id"": ""P1-H1"", ""temperature"": 22}",11.4,2023;2024;2025;2026,bannei_2023;bannei_2024;bannei_2025;bannei_2026,nested_training_year_cv
bannei_early_sensitivity_P1_P1-H1_LOYO_2022,LOYO,2022,P1-H1,hongming,1055.5,"{""kind"": ""cold_count_hour"", ""model_id"": ""P1-H1"", ""temperature"": 22}",11.4,2023;2024;2025;2026,hongming_2023;hongming_2024,nested_training_year_cv
bannei_early_sensitivity_P1_P1-H1_LOYO_2022,LOYO,2022,P1-H1,luhong,563.5,"{""kind"": ""cold_count_hour"", ""model_id"": ""P1-H1"", ""temperature"": 22}",11.4,2023;2024;2025;2026,luhong_2023;luhong_2024;luhong_2025;luhong_2026,nested_training_year_cv
bannei_early_sensitivity_P1_P1-H2_LOYO_2022,LOYO,2022,P1-H2,bannei,3211.9,"{""kind"": ""cold_degree_hour"", ""model_id"": ""P1-H2"", ""temperature"": 22}",20.7,2023;2024;2025;2026,bannei_2023;bannei_2024;bannei_2025;bannei_2026,nested_training_year_cv
bannei_early_sensitivity_P1_P1-H2_LOYO_2022,LOYO,2022,P1-H2,hongming,3379.3,"{""kind"": ""cold_degree_hour"", ""model_id"": ""P1-H2"", ""temperature"": 22}",20.7,2023;2024;2025;2026,hongming_2023;hongming_2024,nested_training_year_cv
bannei_early_sensitivity_P1_P1-H2_LOYO_2022,LOYO,2022,P1-H2,luhong,1362.9,"{""kind"": ""cold_degree_hour"", ""model_id"": ""P1-H2"", ""temperature"": 22}",20.7,2023;2024;2025;2026,luhong_2023;luhong_2024;luhong_2025;luhong_2026,nested_training_year_cv
bannei_early_sensitivity_P1_P1-H3_LOYO_2022,LOYO,2022,P1-H3,bannei,588.2076923,"{""kind"": ""triangular_hour"", ""lower"": 5, ""model_id"": ""P1-H3"", ""optimum"": 12, ""upper"": 25}",9.7,2023;2024;2025;2026,bannei_2023;bannei_2024;bannei_2025;bannei_2026,nested_training_year_cv
bannei_early_sensitivity_P1_P1-H3_LOYO_2022,LOYO,2022,P1-H3,hongming,586.1115385,"{""kind"": ""triangular_hour"", ""lower"": 5, ""model_id"": ""P1-H3"", ""optimum"": 12, ""upper"": 25}",9.7,2023;2024;2025;2026,hongming_2023;hongming_2024,nested_training_year_cv
bannei_early_sensitivity_P1_P1-H3_LOYO_2022,LOYO,2022,P1-H3,luhong,315.1615385,"{""kind"": ""triangular_hour"", ""lower"": 5, ""model_id"": ""P1-H3"", ""optimum"": 12, ""upper"": 25}",9.7,2023;2024;2025;2026,luhong_2023;luhong_2024;luhong_2025;luhong_2026,nested_training_year_cv
bannei_early_sensitivity_P1_P1-B0_LOYO_2023,LOYO,2023,P1-B0,bannei,123,"{""kind"": ""duration"", ""model_id"": ""P1-B0""}",9.5,2022;2024;2025;2026,bannei_2022;bannei_2024;bannei_2025;bannei_2026,nested_training_year_cv
bannei_early_sensitivity_P1_P1-B0_LOYO_2023,LOYO,2023,P1-B0,hongming,122,"{""kind"": ""duration"", ""model_id"": ""P1-B0""}",9.5,2022;2024;2025;2026,hongming_2022;hongming_2024,nested_training_year_cv
bannei_early_sensitivity_P1_P1-B0_LOYO_2023,LOYO,2023,P1-B0,luhong,131,"{""kind"": ""duration"", ""model_id"": ""P1-B0""}",9.5,2022;2024;2025;2026,luhong_2022;luhong_2024;luhong_2025;luhong_2026,nested_training_year_cv
bannei_early_sensitivity_P1_P1-B1_LOYO_2023,LOYO,2023,P1-B1,bannei,25,"{""kind"": ""calendar"", ""model_id"": ""P1-B1""}",15.2,2022;2024;2025;2026,bannei_2022;bannei_2024;bannei_2025;bannei_2026,nested_training_year_cv
bannei_early_sensitivity_P1_P1-B1_LOYO_2023,LOYO,2023,P1-B1,hongming,14,"{""kind"": ""calendar"", ""model_id"": ""P1-B1""}",15.2,2022;2024;2025;2026,hongming_2022;hongming_2024,nested_training_year_cv
bannei_early_sensitivity_P1_P1-B1_LOYO_2023,LOYO,2023,P1-B1,luhong,8.5,"{""kind"": ""calendar"", ""model_id"": ""P1-B1""}",15.2,2022;2024;2025;2026,luhong_2022;luhong_2024;luhong_2025;luhong_2026,nested_training_year_cv
bannei_early_sensitivity_P1_P1-D1_LOYO_2023,LOYO,2023,P1-D1,bannei,60,"{""kind"": ""cold_count_day"", ""model_id"": ""P1-D1"", ""temperature"": 22, ""variable"": ""tmin_c""}",6.6,2022;2024;2025;2026,bannei_2022;bannei_2024;bannei_2025;bannei_2026,nested_training_year_cv
bannei_early_sensitivity_P1_P1-D1_LOYO_2023,LOYO,2023,P1-D1,hongming,63,"{""kind"": ""cold_count_day"", ""model_id"": ""P1-D1"", ""temperature"": 22, ""variable"": ""tmin_c""}",6.6,2022;2024;2025;2026,hongming_2022;hongming_2024,nested_training_year_cv
bannei_early_sensitivity_P1_P1-D1_LOYO_2023,LOYO,2023,P1-D1,luhong,41.5,"{""kind"": ""cold_count_day"", ""model_id"": ""P1-D1"", ""temperature"": 22, ""variable"": ""tmin_c""}",6.6,2022;2024;2025;2026,luhong_2022;luhong_2024;luhong_2025;luhong_2026,nested_training_year_cv
bannei_early_sensitivity_P1_P1-D2_LOYO_2023,LOYO,2023,P1-D2,bannei,102.65,"{""kind"": ""cold_degree_day"", ""model_id"": ""P1-D2"", ""temperature"": 22}",10.9,2022;2024;2025;2026,bannei_2022;bannei_2024;bannei_2025;bannei_2026,nested_training_year_cv
bannei_early_sensitivity_P1_P1-D2_LOYO_2023,LOYO,2023,P1-D2,hongming,92.7,"{""kind"": ""cold_degree_day"", ""model_id"": ""P1-D2"", ""temperature"": 22}",10.9,2022;2024;2025;2026,hongming_2022;hongming_2024,nested_training_year_cv
bannei_early_sensitivity_P1_P1-D2_LOYO_2023,LOYO,2023,P1-D2,luhong,33.4,"{""kind"": ""cold_degree_day"", ""model_id"": ""P1-D2"", ""temperature"": 22}",10.9,2022;2024;2025;2026,luhong_2022;luhong_2024;luhong_2025;luhong_2026,nested_training_year_cv
bannei_early_sensitivity_P1_P1-H1_LOYO_2023,LOYO,2023,P1-H1,bannei,1148.5,"{""kind"": ""cold_count_hour"", ""model_id"": ""P1-H1"", ""temperature"": 22}",10.8,2022;2024;2025;2026,bannei_2022;bannei_2024;bannei_2025;bannei_2026,nested_training_year_cv
bannei_early_sensitivity_P1_P1-H1_LOYO_2023,LOYO,2023,P1-H1,hongming,992,"{""kind"": ""cold_count_hour"", ""model_id"": ""P1-H1"", ""temperature"": 22}",10.8,2022;2024;2025;2026,hongming_2022;hongming_2024,nested_training_year_cv
bannei_early_sensitivity_P1_P1-H1_LOYO_2023,LOYO,2023,P1-H1,luhong,533,"{""kind"": ""cold_count_hour"", ""model_id"": ""P1-H1"", ""temperature"": 22}",10.8,2022;2024;2025;2026,luhong_2022;luhong_2024;luhong_2025;luhong_2026,nested_training_year_cv
bannei_early_sensitivity_P1_P1-H2_LOYO_2023,LOYO,2023,P1-H2,bannei,2568.3,"{""kind"": ""cold_degree_hour"", ""model_id"": ""P1-H2"", ""temperature"": 22}",9.3,2022;2024;2025;2026,bannei_2022;bannei_2024;bannei_2025;bannei_2026,nested_training_year_cv
bannei_early_sensitivity_P1_P1-H2_LOYO_2023,LOYO,2023,P1-H2,hongming,2759.25,"{""kind"": ""cold_degree_hour"", ""model_id"": ""P1-H2"", ""temperature"": 22}",9.3,2022;2024;2025;2026,hongming_2022;hongming_2024,nested_training_year_cv
bannei_early_sensitivity_P1_P1-H2_LOYO_2023,LOYO,2023,P1-H2,luhong,980.9,"{""kind"": ""cold_degree_hour"", ""model_id"": ""P1-H2"", ""temperature"": 22}",9.3,2022;2024;2025;2026,luhong_2022;luhong_2024;luhong_2025;luhong_2026,nested_training_year_cv
bannei_early_sensitivity_P1_P1-H3_LOYO_2023,LOYO,2023,P1-H3,bannei,728.185,"{""kind"": ""triangular_hour"", ""lower"": 5, ""model_id"": ""P1-H3"", ""optimum"": 15, ""upper"": 25}",7.2,2022;2024;2025;2026,bannei_2022;bannei_2024;bannei_2025;bannei_2026,nested_training_year_cv
bannei_early_sensitivity_P1_P1-H3_LOYO_2023,LOYO,2023,P1-H3,hongming,661.705,"{""kind"": ""triangular_hour"", ""lower"": 5, ""model_id"": ""P1-H3"", ""optimum"": 15, ""upper"": 25}",7.2,2022;2024;2025;2026,hongming_2022;hongming_2024,nested_training_year_cv
bannei_early_sensitivity_P1_P1-H3_LOYO_2023,LOYO,2023,P1-H3,luhong,386.145,"{""kind"": ""triangular_hour"", ""lower"": 5, ""model_id"": ""P1-H3"", ""optimum"": 15, ""upper"": 25}",7.2,2022;2024;2025;2026,luhong_2022;luhong_2024;luhong_2025;luhong_2026,nested_training_year_cv
bannei_early_sensitivity_P1_P1-B0_LOYO_2024,LOYO,2024,P1-B0,bannei,117,"{""kind"": ""duration"", ""model_id"": ""P1-B0""}",3,2022;2023;2025;2026,bannei_2022;bannei_2023;bannei_2025;bannei_2026,nested_training_year_cv
bannei_early_sensitivity_P1_P1-B0_LOYO_2024,LOYO,2024,P1-B0,hongming,117,"{""kind"": ""duration"", ""model_id"": ""P1-B0""}",3,2022;2023;2025;2026,hongming_2022;hongming_2023,nested_training_year_cv
bannei_early_sensitivity_P1_P1-B0_LOYO_2024,LOYO,2024,P1-B0,luhong,128.5,"{""kind"": ""duration"", ""model_id"": ""P1-B0""}",3,2022;2023;2025;2026,luhong_2022;luhong_2023;luhong_2025;luhong_2026,nested_training_year_cv
bannei_early_sensitivity_P1_P1-B1_LOYO_2024,LOYO,2024,P1-B1,bannei,19,"{""kind"": ""calendar"", ""model_id"": ""P1-B1""}",5.7,2022;2023;2025;2026,bannei_2022;bannei_2023;bannei_2025;bannei_2026,nested_training_year_cv
bannei_early_sensitivity_P1_P1-B1_LOYO_2024,LOYO,2024,P1-B1,hongming,9,"{""kind"": ""calendar"", ""model_id"": ""P1-B1""}",5.7,2022;2023;2025;2026,hongming_2022;hongming_2023,nested_training_year_cv
bannei_early_sensitivity_P1_P1-B1_LOYO_2024,LOYO,2024,P1-B1,luhong,2,"{""kind"": ""calendar"", ""model_id"": ""P1-B1""}",5.7,2022;2023;2025;2026,luhong_2022;luhong_2023;luhong_2025;luhong_2026,nested_training_year_cv
bannei_early_sensitivity_P1_P1-D1_LOYO_2024,LOYO,2024,P1-D1,bannei,50.5,"{""kind"": ""cold_count_day"", ""model_id"": ""P1-D1"", ""temperature"": 22, ""variable"": ""tmean_c""}",7.8,2022;2023;2025;2026,bannei_2022;bannei_2023;bannei_2025;bannei_2026,nested_training_year_cv
bannei_early_sensitivity_P1_P1-D1_LOYO_2024,LOYO,2024,P1-D1,hongming,42.5,"{""kind"": ""cold_count_day"", ""model_id"": ""P1-D1"", ""temperature"": 22, ""variable"": ""tmean_c""}",7.8,2022;2023;2025;2026,hongming_2022;hongming_2023,nested_training_year_cv
bannei_early_sensitivity_P1_P1-D1_LOYO_2024,LOYO,2024,P1-D1,luhong,28,"{""kind"": ""cold_count_day"", ""model_id"": ""P1-D1"", ""temperature"": 22, ""variable"": ""tmean_c""}",7.8,2022;2023;2025;2026,luhong_2022;luhong_2023;luhong_2025;luhong_2026,nested_training_year_cv
bannei_early_sensitivity_P1_P1-D2_LOYO_2024,LOYO,2024,P1-D2,bannei,130.35,"{""kind"": ""cold_degree_day"", ""model_id"": ""P1-D2"", ""temperature"": 22}",28.3,2022;2023;2025;2026,bannei_2022;bannei_2023;bannei_2025;bannei_2026,nested_training_year_cv
bannei_early_sensitivity_P1_P1-D2_LOYO_2024,LOYO,2024,P1-D2,hongming,116.7,"{""kind"": ""cold_degree_day"", ""model_id"": ""P1-D2"", ""temperature"": 22}",28.3,2022;2023;2025;2026,hongming_2022;hongming_2023,nested_training_year_cv
bannei_early_sensitivity_P1_P1-D2_LOYO_2024,LOYO,2024,P1-D2,luhong,50.85,"{""kind"": ""cold_degree_day"", ""model_id"": ""P1-D2"", ""temperature"": 22}",28.3,2022;2023;2025;2026,luhong_2022;luhong_2023;luhong_2025;luhong_2026,nested_training_year_cv
bannei_early_sensitivity_P1_P1-H1_LOYO_2024,LOYO,2024,P1-H1,bannei,1220.5,"{""kind"": ""cold_count_hour"", ""model_id"": ""P1-H1"", ""temperature"": 22}",7.9,2022;2023;2025;2026,bannei_2022;bannei_2023;bannei_2025;bannei_2026,nested_training_year_cv
bannei_early_sensitivity_P1_P1-H1_LOYO_2024,LOYO,2024,P1-H1,hongming,1029.5,"{""kind"": ""cold_count_hour"", ""model_id"": ""P1-H1"", ""temperature"": 22}",7.9,2022;2023;2025;2026,hongming_2022;hongming_2023,nested_training_year_cv
bannei_early_sensitivity_P1_P1-H1_LOYO_2024,LOYO,2024,P1-H1,luhong,647.5,"{""kind"": ""cold_count_hour"", ""model_id"": ""P1-H1"", ""temperature"": 22}",7.9,2022;2023;2025;2026,luhong_2022;luhong_2023;luhong_2025;luhong_2026,nested_training_year_cv
bannei_early_sensitivity_P1_P1-H2_LOYO_2024,LOYO,2024,P1-H2,bannei,3159.1,"{""kind"": ""cold_degree_hour"", ""model_id"": ""P1-H2"", ""temperature"": 22}",24.9,2022;2023;2025;2026,bannei_2022;bannei_2023;bannei_2025;bannei_2026,nested_training_year_cv
bannei_early_sensitivity_P1_P1-H2_LOYO_2024,LOYO,2024,P1-H2,hongming,3045.55,"{""kind"": ""cold_degree_hour"", ""model_id"": ""P1-H2"", ""temperature"": 22}",24.9,2022;2023;2025;2026,hongming_2022;hongming_2023,nested_training_year_cv
bannei_early_sensitivity_P1_P1-H2_LOYO_2024,LOYO,2024,P1-H2,luhong,1375.1,"{""kind"": ""cold_degree_hour"", ""model_id"": ""P1-H2"", ""temperature"": 22}",24.9,2022;2023;2025;2026,luhong_2022;luhong_2023;luhong_2025;luhong_2026,nested_training_year_cv
bannei_early_sensitivity_P1_P1-H3_LOYO_2024,LOYO,2024,P1-H3,bannei,774.185,"{""kind"": ""triangular_hour"", ""lower"": 5, ""model_id"": ""P1-H3"", ""optimum"": 15, ""upper"": 25}",9.8,2022;2023;2025;2026,bannei_2022;bannei_2023;bannei_2025;bannei_2026,nested_training_year_cv
bannei_early_sensitivity_P1_P1-H3_LOYO_2024,LOYO,2024,P1-H3,hongming,721.58,"{""kind"": ""triangular_hour"", ""lower"": 5, ""model_id"": ""P1-H3"", ""optimum"": 15, ""upper"": 25}",9.8,2022;2023;2025;2026,hongming_2022;hongming_2023,nested_training_year_cv
bannei_early_sensitivity_P1_P1-H3_LOYO_2024,LOYO,2024,P1-H3,luhong,426.405,"{""kind"": ""triangular_hour"", ""lower"": 5, ""model_id"": ""P1-H3"", ""optimum"": 15, ""upper"": 25}",9.8,2022;2023;2025;2026,luhong_2022;luhong_2023;luhong_2025;luhong_2026,nested_training_year_cv
bannei_early_sensitivity_P1_P1-B0_LOYO_2025,LOYO,2025,P1-B0,bannei,117,"{""kind"": ""duration"", ""model_id"": ""P1-B0""}",4.545454545,2022;2023;2024;2026,bannei_2022;bannei_2023;bannei_2024;bannei_2026,nested_training_year_cv
bannei_early_sensitivity_P1_P1-B0_LOYO_2025,LOYO,2025,P1-B0,hongming,117,"{""kind"": ""duration"", ""model_id"": ""P1-B0""}",4.545454545,2022;2023;2024;2026,hongming_2022;hongming_2023;hongming_2024,nested_training_year_cv
bannei_early_sensitivity_P1_P1-B0_LOYO_2025,LOYO,2025,P1-B0,luhong,128.5,"{""kind"": ""duration"", ""model_id"": ""P1-B0""}",4.545454545,2022;2023;2024;2026,luhong_2022;luhong_2023;luhong_2024;luhong_2026,nested_training_year_cv
bannei_early_sensitivity_P1_P1-B1_LOYO_2025,LOYO,2025,P1-B1,bannei,19,"{""kind"": ""calendar"", ""model_id"": ""P1-B1""}",6.090909091,2022;2023;2024;2026,bannei_2022;bannei_2023;bannei_2024;bannei_2026,nested_training_year_cv
bannei_early_sensitivity_P1_P1-B1_LOYO_2025,LOYO,2025,P1-B1,hongming,14,"{""kind"": ""calendar"", ""model_id"": ""P1-B1""}",6.090909091,2022;2023;2024;2026,hongming_2022;hongming_2023;hongming_2024,nested_training_year_cv
bannei_early_sensitivity_P1_P1-B1_LOYO_2025,LOYO,2025,P1-B1,luhong,2,"{""kind"": ""calendar"", ""model_id"": ""P1-B1""}",6.090909091,2022;2023;2024;2026,luhong_2022;luhong_2023;luhong_2024;luhong_2026,nested_training_year_cv
bannei_early_sensitivity_P1_P1-D1_LOYO_2025,LOYO,2025,P1-D1,bannei,56,"{""kind"": ""cold_count_day"", ""model_id"": ""P1-D1"", ""temperature"": 22, ""variable"": ""tmin_c""}",5.909090909,2022;2023;2024;2026,bannei_2022;bannei_2023;bannei_2024;bannei_2026,nested_training_year_cv
bannei_early_sensitivity_P1_P1-D1_LOYO_2025,LOYO,2025,P1-D1,hongming,63,"{""kind"": ""cold_count_day"", ""model_id"": ""P1-D1"", ""temperature"": 22, ""variable"": ""tmin_c""}",5.909090909,2022;2023;2024;2026,hongming_2022;hongming_2023;hongming_2024,nested_training_year_cv
bannei_early_sensitivity_P1_P1-D1_LOYO_2025,LOYO,2025,P1-D1,luhong,37,"{""kind"": ""cold_count_day"", ""model_id"": ""P1-D1"", ""temperature"": 22, ""variable"": ""tmin_c""}",5.909090909,2022;2023;2024;2026,luhong_2022;luhong_2023;luhong_2024;luhong_2026,nested_training_year_cv
bannei_early_sensitivity_P1_P1-D2_LOYO_2025,LOYO,2025,P1-D2,bannei,102.65,"{""kind"": ""cold_degree_day"", ""model_id"": ""P1-D2"", ""temperature"": 22}",11.27272727,2022;2023;2024;2026,bannei_2022;bannei_2023;bannei_2024;bannei_2026,nested_training_year_cv
bannei_early_sensitivity_P1_P1-D2_LOYO_2025,LOYO,2025,P1-D2,hongming,98.7,"{""kind"": ""cold_degree_day"", ""model_id"": ""P1-D2"", ""temperature"": 22}",11.27272727,2022;2023;2024;2026,hongming_2022;hongming_2023;hongming_2024,nested_training_year_cv
bannei_early_sensitivity_P1_P1-D2_LOYO_2025,LOYO,2025,P1-D2,luhong,33.4,"{""kind"": ""cold_degree_day"", ""model_id"": ""P1-D2"", ""temperature"": 22}",11.27272727,2022;2023;2024;2026,luhong_2022;luhong_2023;luhong_2024;luhong_2026,nested_training_year_cv
bannei_early_sensitivity_P1_P1-H1_LOYO_2025,LOYO,2025,P1-H1,bannei,1122,"{""kind"": ""cold_count_hour"", ""model_id"": ""P1-H1"", ""temperature"": 22}",8.181818182,2022;2023;2024;2026,bannei_2022;bannei_2023;bannei_2024;bannei_2026,nested_training_year_cv
bannei_early_sensitivity_P1_P1-H1_LOYO_2025,LOYO,2025,P1-H1,hongming,1018,"{""kind"": ""cold_count_hour"", ""model_id"": ""P1-H1"", ""temperature"": 22}",8.181818182,2022;2023;2024;2026,hongming_2022;hongming_2023;hongming_2024,nested_training_year_cv
bannei_early_sensitivity_P1_P1-H1_LOYO_2025,LOYO,2025,P1-H1,luhong,533,"{""kind"": ""cold_count_hour"", ""model_id"": ""P1-H1"", ""temperature"": 22}",8.181818182,2022;2023;2024;2026,luhong_2022;luhong_2023;luhong_2024;luhong_2026,nested_training_year_cv
bannei_early_sensitivity_P1_P1-H2_LOYO_2025,LOYO,2025,P1-H2,bannei,2568.3,"{""kind"": ""cold_degree_hour"", ""model_id"": ""P1-H2"", ""temperature"": 22}",8.363636364,2022;2023;2024;2026,bannei_2022;bannei_2023;bannei_2024;bannei_2026,nested_training_year_cv
bannei_early_sensitivity_P1_P1-H2_LOYO_2025,LOYO,2025,P1-H2,hongming,3093,"{""kind"": ""cold_degree_hour"", ""model_id"": ""P1-H2"", ""temperature"": 22}",8.363636364,2022;2023;2024;2026,hongming_2022;hongming_2023;hongming_2024,nested_training_year_cv
bannei_early_sensitivity_P1_P1-H2_LOYO_2025,LOYO,2025,P1-H2,luhong,980.9,"{""kind"": ""cold_degree_hour"", ""model_id"": ""P1-H2"", ""temperature"": 22}",8.363636364,2022;2023;2024;2026,luhong_2022;luhong_2023;luhong_2024;luhong_2026,nested_training_year_cv
bannei_early_sensitivity_P1_P1-H3_LOYO_2025,LOYO,2025,P1-H3,bannei,563.85,"{""kind"": ""triangular_hour"", ""lower"": 5, ""model_id"": ""P1-H3"", ""optimum"": 12, ""upper"": 25}",5.636363636,2022;2023;2024;2026,bannei_2022;bannei_2023;bannei_2024;bannei_2026,nested_training_year_cv
bannei_early_sensitivity_P1_P1-H3_LOYO_2025,LOYO,2025,P1-H3,hongming,552.0461538,"{""kind"": ""triangular_hour"", ""lower"": 5, ""model_id"": ""P1-H3"", ""optimum"": 12, ""upper"": 25}",5.636363636,2022;2023;2024;2026,hongming_2022;hongming_2023;hongming_2024,nested_training_year_cv
bannei_early_sensitivity_P1_P1-H3_LOYO_2025,LOYO,2025,P1-H3,luhong,297.0346154,"{""kind"": ""triangular_hour"", ""lower"": 5, ""model_id"": ""P1-H3"", ""optimum"": 12, ""upper"": 25}",5.636363636,2022;2023;2024;2026,luhong_2022;luhong_2023;luhong_2024;luhong_2026,nested_training_year_cv
bannei_early_sensitivity_P1_P1-B0_LOYO_2026,LOYO,2026,P1-B0,bannei,123,"{""kind"": ""duration"", ""model_id"": ""P1-B0""}",8,2022;2023;2024;2025,bannei_2022;bannei_2023;bannei_2024;bannei_2025,nested_training_year_cv
bannei_early_sensitivity_P1_P1-B0_LOYO_2026,LOYO,2026,P1-B0,hongming,117,"{""kind"": ""duration"", ""model_id"": ""P1-B0""}",8,2022;2023;2024;2025,hongming_2022;hongming_2023;hongming_2024,nested_training_year_cv
bannei_early_sensitivity_P1_P1-B0_LOYO_2026,LOYO,2026,P1-B0,luhong,130.5,"{""kind"": ""duration"", ""model_id"": ""P1-B0""}",8,2022;2023;2024;2025,luhong_2022;luhong_2023;luhong_2024;luhong_2025,nested_training_year_cv
bannei_early_sensitivity_P1_P1-B1_LOYO_2026,LOYO,2026,P1-B1,bannei,25,"{""kind"": ""calendar"", ""model_id"": ""P1-B1""}",11.81818182,2022;2023;2024;2025,bannei_2022;bannei_2023;bannei_2024;bannei_2025,nested_training_year_cv
bannei_early_sensitivity_P1_P1-B1_LOYO_2026,LOYO,2026,P1-B1,hongming,14,"{""kind"": ""calendar"", ""model_id"": ""P1-B1""}",11.81818182,2022;2023;2024;2025,hongming_2022;hongming_2023;hongming_2024,nested_training_year_cv
bannei_early_sensitivity_P1_P1-B1_LOYO_2026,LOYO,2026,P1-B1,luhong,8.5,"{""kind"": ""calendar"", ""model_id"": ""P1-B1""}",11.81818182,2022;2023;2024;2025,luhong_2022;luhong_2023;luhong_2024;luhong_2025,nested_training_year_cv
bannei_early_sensitivity_P1_P1-D1_LOYO_2026,LOYO,2026,P1-D1,bannei,60,"{""kind"": ""cold_count_day"", ""model_id"": ""P1-D1"", ""temperature"": 22, ""variable"": ""tmin_c""}",5.090909091,2022;2023;2024;2025,bannei_2022;bannei_2023;bannei_2024;bannei_2025,nested_training_year_cv
bannei_early_sensitivity_P1_P1-D1_LOYO_2026,LOYO,2026,P1-D1,hongming,63,"{""kind"": ""cold_count_day"", ""model_id"": ""P1-D1"", ""temperature"": 22, ""variable"": ""tmin_c""}",5.090909091,2022;2023;2024;2025,hongming_2022;hongming_2023;hongming_2024,nested_training_year_cv
bannei_early_sensitivity_P1_P1-D1_LOYO_2026,LOYO,2026,P1-D1,luhong,41.5,"{""kind"": ""cold_count_day"", ""model_id"": ""P1-D1"", ""temperature"": 22, ""variable"": ""tmin_c""}",5.090909091,2022;2023;2024;2025,luhong_2022;luhong_2023;luhong_2024;luhong_2025,nested_training_year_cv
bannei_early_sensitivity_P1_P1-D2_LOYO_2026,LOYO,2026,P1-D2,bannei,59.45,"{""kind"": ""cold_degree_day"", ""model_id"": ""P1-D2"", ""temperature"": 20}",18.36363636,2022;2023;2024;2025,bannei_2022;bannei_2023;bannei_2024;bannei_2025,nested_training_year_cv
bannei_early_sensitivity_P1_P1-D2_LOYO_2026,LOYO,2026,P1-D2,hongming,54.3,"{""kind"": ""cold_degree_day"", ""model_id"": ""P1-D2"", ""temperature"": 20}",18.36363636,2022;2023;2024;2025,hongming_2022;hongming_2023;hongming_2024,nested_training_year_cv
bannei_early_sensitivity_P1_P1-D2_LOYO_2026,LOYO,2026,P1-D2,luhong,19.3,"{""kind"": ""cold_degree_day"", ""model_id"": ""P1-D2"", ""temperature"": 20}",18.36363636,2022;2023;2024;2025,luhong_2022;luhong_2023;luhong_2024;luhong_2025,nested_training_year_cv
bannei_early_sensitivity_P1_P1-H1_LOYO_2026,LOYO,2026,P1-H1,bannei,1220.5,"{""kind"": ""cold_count_hour"", ""model_id"": ""P1-H1"", ""temperature"": 22}",7,2022;2023;2024;2025,bannei_2022;bannei_2023;bannei_2024;bannei_2025,nested_training_year_cv
bannei_early_sensitivity_P1_P1-H1_LOYO_2026,LOYO,2026,P1-H1,hongming,1018,"{""kind"": ""cold_count_hour"", ""model_id"": ""P1-H1"", ""temperature"": 22}",7,2022;2023;2024;2025,hongming_2022;hongming_2023;hongming_2024,nested_training_year_cv
bannei_early_sensitivity_P1_P1-H1_LOYO_2026,LOYO,2026,P1-H1,luhong,647.5,"{""kind"": ""cold_count_hour"", ""model_id"": ""P1-H1"", ""temperature"": 22}",7,2022;2023;2024;2025,luhong_2022;luhong_2023;luhong_2024;luhong_2025,nested_training_year_cv
bannei_early_sensitivity_P1_P1-H2_LOYO_2026,LOYO,2026,P1-H2,bannei,481.25,"{""kind"": ""cold_degree_hour"", ""model_id"": ""P1-H2"", ""temperature"": 18}",17.18181818,2022;2023;2024;2025,bannei_2022;bannei_2023;bannei_2024;bannei_2025,nested_training_year_cv
bannei_early_sensitivity_P1_P1-H2_LOYO_2026,LOYO,2026,P1-H2,hongming,601.1,"{""kind"": ""cold_degree_hour"", ""model_id"": ""P1-H2"", ""temperature"": 18}",17.18181818,2022;2023;2024;2025,hongming_2022;hongming_2023;hongming_2024,nested_training_year_cv
bannei_early_sensitivity_P1_P1-H2_LOYO_2026,LOYO,2026,P1-H2,luhong,141.75,"{""kind"": ""cold_degree_hour"", ""model_id"": ""P1-H2"", ""temperature"": 18}",17.18181818,2022;2023;2024;2025,luhong_2022;luhong_2023;luhong_2024;luhong_2025,nested_training_year_cv
bannei_early_sensitivity_P1_P1-H3_LOYO_2026,LOYO,2026,P1-H3,bannei,596.0423077,"{""kind"": ""triangular_hour"", ""lower"": 5, ""model_id"": ""P1-H3"", ""optimum"": 12, ""upper"": 25}",8,2022;2023;2024;2025,bannei_2022;bannei_2023;bannei_2024;bannei_2025,nested_training_year_cv
bannei_early_sensitivity_P1_P1-H3_LOYO_2026,LOYO,2026,P1-H3,hongming,552.0461538,"{""kind"": ""triangular_hour"", ""lower"": 5, ""model_id"": ""P1-H3"", ""optimum"": 12, ""upper"": 25}",8,2022;2023;2024;2025,hongming_2022;hongming_2023;hongming_2024,nested_training_year_cv
bannei_early_sensitivity_P1_P1-H3_LOYO_2026,LOYO,2026,P1-H3,luhong,328.0346154,"{""kind"": ""triangular_hour"", ""lower"": 5, ""model_id"": ""P1-H3"", ""optimum"": 12, ""upper"": 25}",8,2022;2023;2024;2025,luhong_2022;luhong_2023;luhong_2024;luhong_2025,nested_training_year_cv
bannei_early_sensitivity_P1_P1-B0_rolling_2024,rolling,2024,P1-B0,bannei,117,"{""kind"": ""duration"", ""model_id"": ""P1-B0""}",0,2022;2023,bannei_2022;bannei_2023,nested_training_year_cv
bannei_early_sensitivity_P1_P1-B0_rolling_2024,rolling,2024,P1-B0,hongming,117,"{""kind"": ""duration"", ""model_id"": ""P1-B0""}",0,2022;2023,hongming_2022;hongming_2023,nested_training_year_cv
bannei_early_sensitivity_P1_P1-B0_rolling_2024,rolling,2024,P1-B0,luhong,128,"{""kind"": ""duration"", ""model_id"": ""P1-B0""}",0,2022;2023,luhong_2022;luhong_2023,nested_training_year_cv
bannei_early_sensitivity_P1_P1-B1_rolling_2024,rolling,2024,P1-B1,bannei,19,"{""kind"": ""calendar"", ""model_id"": ""P1-B1""}",3.333333333,2022;2023,bannei_2022;bannei_2023,nested_training_year_cv
bannei_early_sensitivity_P1_P1-B1_rolling_2024,rolling,2024,P1-B1,hongming,9,"{""kind"": ""calendar"", ""model_id"": ""P1-B1""}",3.333333333,2022;2023,hongming_2022;hongming_2023,nested_training_year_cv
bannei_early_sensitivity_P1_P1-B1_rolling_2024,rolling,2024,P1-B1,luhong,2,"{""kind"": ""calendar"", ""model_id"": ""P1-B1""}",3.333333333,2022;2023,luhong_2022;luhong_2023,nested_training_year_cv
bannei_early_sensitivity_P1_P1-D1_rolling_2024,rolling,2024,P1-D1,bannei,50.5,"{""kind"": ""cold_count_day"", ""model_id"": ""P1-D1"", ""temperature"": 22, ""variable"": ""tmean_c""}",4,2022;2023,bannei_2022;bannei_2023,nested_training_year_cv
bannei_early_sensitivity_P1_P1-D1_rolling_2024,rolling,2024,P1-D1,hongming,42.5,"{""kind"": ""cold_count_day"", ""model_id"": ""P1-D1"", ""temperature"": 22, ""variable"": ""tmean_c""}",4,2022;2023,hongming_2022;hongming_2023,nested_training_year_cv
bannei_early_sensitivity_P1_P1-D1_rolling_2024,rolling,2024,P1-D1,luhong,28,"{""kind"": ""cold_count_day"", ""model_id"": ""P1-D1"", ""temperature"": 22, ""variable"": ""tmean_c""}",4,2022;2023,luhong_2022;luhong_2023,nested_training_year_cv
bannei_early_sensitivity_P1_P1-D2_rolling_2024,rolling,2024,P1-D2,bannei,130.35,"{""kind"": ""cold_degree_day"", ""model_id"": ""P1-D2"", ""temperature"": 22}",25.5,2022;2023,bannei_2022;bannei_2023,nested_training_year_cv
bannei_early_sensitivity_P1_P1-D2_rolling_2024,rolling,2024,P1-D2,hongming,116.7,"{""kind"": ""cold_degree_day"", ""model_id"": ""P1-D2"", ""temperature"": 22}",25.5,2022;2023,hongming_2022;hongming_2023,nested_training_year_cv
bannei_early_sensitivity_P1_P1-D2_rolling_2024,rolling,2024,P1-D2,luhong,50.85,"{""kind"": ""cold_degree_day"", ""model_id"": ""P1-D2"", ""temperature"": 22}",25.5,2022;2023,luhong_2022;luhong_2023,nested_training_year_cv
bannei_early_sensitivity_P1_P1-H1_rolling_2024,rolling,2024,P1-H1,bannei,1220.5,"{""kind"": ""cold_count_hour"", ""model_id"": ""P1-H1"", ""temperature"": 22}",4.5,2022;2023,bannei_2022;bannei_2023,nested_training_year_cv
bannei_early_sensitivity_P1_P1-H1_rolling_2024,rolling,2024,P1-H1,hongming,1029.5,"{""kind"": ""cold_count_hour"", ""model_id"": ""P1-H1"", ""temperature"": 22}",4.5,2022;2023,hongming_2022;hongming_2023,nested_training_year_cv
bannei_early_sensitivity_P1_P1-H1_rolling_2024,rolling,2024,P1-H1,luhong,647.5,"{""kind"": ""cold_count_hour"", ""model_id"": ""P1-H1"", ""temperature"": 22}",4.5,2022;2023,luhong_2022;luhong_2023,nested_training_year_cv
bannei_early_sensitivity_P1_P1-H2_rolling_2024,rolling,2024,P1-H2,bannei,3159.1,"{""kind"": ""cold_degree_hour"", ""model_id"": ""P1-H2"", ""temperature"": 22}",23.66666667,2022;2023,bannei_2022;bannei_2023,nested_training_year_cv
bannei_early_sensitivity_P1_P1-H2_rolling_2024,rolling,2024,P1-H2,hongming,3045.55,"{""kind"": ""cold_degree_hour"", ""model_id"": ""P1-H2"", ""temperature"": 22}",23.66666667,2022;2023,hongming_2022;hongming_2023,nested_training_year_cv
bannei_early_sensitivity_P1_P1-H2_rolling_2024,rolling,2024,P1-H2,luhong,1375.1,"{""kind"": ""cold_degree_hour"", ""model_id"": ""P1-H2"", ""temperature"": 22}",23.66666667,2022;2023,luhong_2022;luhong_2023,nested_training_year_cv
bannei_early_sensitivity_P1_P1-H3_rolling_2024,rolling,2024,P1-H3,bannei,774.185,"{""kind"": ""triangular_hour"", ""lower"": 5, ""model_id"": ""P1-H3"", ""optimum"": 15, ""upper"": 25}",7.666666667,2022;2023,bannei_2022;bannei_2023,nested_training_year_cv
bannei_early_sensitivity_P1_P1-H3_rolling_2024,rolling,2024,P1-H3,hongming,721.58,"{""kind"": ""triangular_hour"", ""lower"": 5, ""model_id"": ""P1-H3"", ""optimum"": 15, ""upper"": 25}",7.666666667,2022;2023,hongming_2022;hongming_2023,nested_training_year_cv
bannei_early_sensitivity_P1_P1-H3_rolling_2024,rolling,2024,P1-H3,luhong,426.405,"{""kind"": ""triangular_hour"", ""lower"": 5, ""model_id"": ""P1-H3"", ""optimum"": 15, ""upper"": 25}",7.666666667,2022;2023,luhong_2022;luhong_2023,nested_training_year_cv
bannei_early_sensitivity_P1_P1-B0_rolling_2025,rolling,2025,P1-B0,bannei,117,"{""kind"": ""duration"", ""model_id"": ""P1-B0""}",6.111111111,2022;2023;2024,bannei_2022;bannei_2023;bannei_2024,nested_training_year_cv
bannei_early_sensitivity_P1_P1-B0_rolling_2025,rolling,2025,P1-B0,hongming,117,"{""kind"": ""duration"", ""model_id"": ""P1-B0""}",6.111111111,2022;2023;2024,hongming_2022;hongming_2023;hongming_2024,nested_training_year_cv
bannei_early_sensitivity_P1_P1-B0_rolling_2025,rolling,2025,P1-B0,luhong,128,"{""kind"": ""duration"", ""model_id"": ""P1-B0""}",6.111111111,2022;2023;2024,luhong_2022;luhong_2023;luhong_2024,nested_training_year_cv
bannei_early_sensitivity_P1_P1-B1_rolling_2025,rolling,2025,P1-B1,bannei,19,"{""kind"": ""calendar"", ""model_id"": ""P1-B1""}",9,2022;2023;2024,bannei_2022;bannei_2023;bannei_2024,nested_training_year_cv
bannei_early_sensitivity_P1_P1-B1_rolling_2025,rolling,2025,P1-B1,hongming,14,"{""kind"": ""calendar"", ""model_id"": ""P1-B1""}",9,2022;2023;2024,hongming_2022;hongming_2023;hongming_2024,nested_training_year_cv
bannei_early_sensitivity_P1_P1-B1_rolling_2025,rolling,2025,P1-B1,luhong,2,"{""kind"": ""calendar"", ""model_id"": ""P1-B1""}",9,2022;2023;2024,luhong_2022;luhong_2023;luhong_2024,nested_training_year_cv
bannei_early_sensitivity_P1_P1-D1_rolling_2025,rolling,2025,P1-D1,bannei,59,"{""kind"": ""cold_count_day"", ""model_id"": ""P1-D1"", ""temperature"": 22, ""variable"": ""tmin_c""}",4.555555556,2022;2023;2024,bannei_2022;bannei_2023;bannei_2024,nested_training_year_cv
bannei_early_sensitivity_P1_P1-D1_rolling_2025,rolling,2025,P1-D1,hongming,63,"{""kind"": ""cold_count_day"", ""model_id"": ""P1-D1"", ""temperature"": 22, ""variable"": ""tmin_c""}",4.555555556,2022;2023;2024,hongming_2022;hongming_2023;hongming_2024,nested_training_year_cv
bannei_early_sensitivity_P1_P1-D1_rolling_2025,rolling,2025,P1-D1,luhong,39,"{""kind"": ""cold_count_day"", ""model_id"": ""P1-D1"", ""temperature"": 22, ""variable"": ""tmin_c""}",4.555555556,2022;2023;2024,luhong_2022;luhong_2023;luhong_2024,nested_training_year_cv
bannei_early_sensitivity_P1_P1-D2_rolling_2025,rolling,2025,P1-D2,bannei,103,"{""kind"": ""cold_degree_day"", ""model_id"": ""P1-D2"", ""temperature"": 22}",16.11111111,2022;2023;2024,bannei_2022;bannei_2023;bannei_2024,nested_training_year_cv
bannei_early_sensitivity_P1_P1-D2_rolling_2025,rolling,2025,P1-D2,hongming,98.7,"{""kind"": ""cold_degree_day"", ""model_id"": ""P1-D2"", ""temperature"": 22}",16.11111111,2022;2023;2024,hongming_2022;hongming_2023;hongming_2024,nested_training_year_cv
bannei_early_sensitivity_P1_P1-D2_rolling_2025,rolling,2025,P1-D2,luhong,34.6,"{""kind"": ""cold_degree_day"", ""model_id"": ""P1-D2"", ""temperature"": 22}",16.11111111,2022;2023;2024,luhong_2022;luhong_2023;luhong_2024,nested_training_year_cv
bannei_early_sensitivity_P1_P1-H1_rolling_2025,rolling,2025,P1-H1,bannei,1194,"{""kind"": ""cold_count_hour"", ""model_id"": ""P1-H1"", ""temperature"": 22}",5.777777778,2022;2023;2024,bannei_2022;bannei_2023;bannei_2024,nested_training_year_cv
bannei_early_sensitivity_P1_P1-H1_rolling_2025,rolling,2025,P1-H1,hongming,1018,"{""kind"": ""cold_count_hour"", ""model_id"": ""P1-H1"", ""temperature"": 22}",5.777777778,2022;2023;2024,hongming_2022;hongming_2023;hongming_2024,nested_training_year_cv
bannei_early_sensitivity_P1_P1-H1_rolling_2025,rolling,2025,P1-H1,luhong,617,"{""kind"": ""cold_count_hour"", ""model_id"": ""P1-H1"", ""temperature"": 22}",5.777777778,2022;2023;2024,luhong_2022;luhong_2023;luhong_2024,nested_training_year_cv
bannei_early_sensitivity_P1_P1-H2_rolling_2025,rolling,2025,P1-H2,bannei,2621.1,"{""kind"": ""cold_degree_hour"", ""model_id"": ""P1-H2"", ""temperature"": 22}",13.22222222,2022;2023;2024,bannei_2022;bannei_2023;bannei_2024,nested_training_year_cv
bannei_early_sensitivity_P1_P1-H2_rolling_2025,rolling,2025,P1-H2,hongming,3093,"{""kind"": ""cold_degree_hour"", ""model_id"": ""P1-H2"", ""temperature"": 22}",13.22222222,2022;2023;2024,hongming_2022;hongming_2023;hongming_2024,nested_training_year_cv
bannei_early_sensitivity_P1_P1-H2_rolling_2025,rolling,2025,P1-H2,luhong,993.1,"{""kind"": ""cold_degree_hour"", ""model_id"": ""P1-H2"", ""temperature"": 22}",13.22222222,2022;2023;2024,luhong_2022;luhong_2023;luhong_2024,nested_training_year_cv
bannei_early_sensitivity_P1_P1-H3_rolling_2025,rolling,2025,P1-H3,bannei,571.6846154,"{""kind"": ""triangular_hour"", ""lower"": 5, ""model_id"": ""P1-H3"", ""optimum"": 12, ""upper"": 25}",5.222222222,2022;2023;2024,bannei_2022;bannei_2023;bannei_2024,nested_training_year_cv
bannei_early_sensitivity_P1_P1-H3_rolling_2025,rolling,2025,P1-H3,hongming,552.0461538,"{""kind"": ""triangular_hour"", ""lower"": 5, ""model_id"": ""P1-H3"", ""optimum"": 12, ""upper"": 25}",5.222222222,2022;2023;2024,hongming_2022;hongming_2023;hongming_2024,nested_training_year_cv
bannei_early_sensitivity_P1_P1-H3_rolling_2025,rolling,2025,P1-H3,luhong,309.9076923,"{""kind"": ""triangular_hour"", ""lower"": 5, ""model_id"": ""P1-H3"", ""optimum"": 12, ""upper"": 25}",5.222222222,2022;2023;2024,luhong_2022;luhong_2023;luhong_2024,nested_training_year_cv
bannei_early_sensitivity_P1_P1-B0_rolling_2026,rolling,2026,P1-B0,bannei,123,"{""kind"": ""duration"", ""model_id"": ""P1-B0""}",8,2022;2023;2024;2025,bannei_2022;bannei_2023;bannei_2024;bannei_2025,nested_training_year_cv
bannei_early_sensitivity_P1_P1-B0_rolling_2026,rolling,2026,P1-B0,hongming,117,"{""kind"": ""duration"", ""model_id"": ""P1-B0""}",8,2022;2023;2024;2025,hongming_2022;hongming_2023;hongming_2024,nested_training_year_cv
bannei_early_sensitivity_P1_P1-B0_rolling_2026,rolling,2026,P1-B0,luhong,130.5,"{""kind"": ""duration"", ""model_id"": ""P1-B0""}",8,2022;2023;2024;2025,luhong_2022;luhong_2023;luhong_2024;luhong_2025,nested_training_year_cv
bannei_early_sensitivity_P1_P1-B1_rolling_2026,rolling,2026,P1-B1,bannei,25,"{""kind"": ""calendar"", ""model_id"": ""P1-B1""}",11.81818182,2022;2023;2024;2025,bannei_2022;bannei_2023;bannei_2024;bannei_2025,nested_training_year_cv
bannei_early_sensitivity_P1_P1-B1_rolling_2026,rolling,2026,P1-B1,hongming,14,"{""kind"": ""calendar"", ""model_id"": ""P1-B1""}",11.81818182,2022;2023;2024;2025,hongming_2022;hongming_2023;hongming_2024,nested_training_year_cv
bannei_early_sensitivity_P1_P1-B1_rolling_2026,rolling,2026,P1-B1,luhong,8.5,"{""kind"": ""calendar"", ""model_id"": ""P1-B1""}",11.81818182,2022;2023;2024;2025,luhong_2022;luhong_2023;luhong_2024;luhong_2025,nested_training_year_cv
bannei_early_sensitivity_P1_P1-D1_rolling_2026,rolling,2026,P1-D1,bannei,60,"{""kind"": ""cold_count_day"", ""model_id"": ""P1-D1"", ""temperature"": 22, ""variable"": ""tmin_c""}",5.090909091,2022;2023;2024;2025,bannei_2022;bannei_2023;bannei_2024;bannei_2025,nested_training_year_cv
bannei_early_sensitivity_P1_P1-D1_rolling_2026,rolling,2026,P1-D1,hongming,63,"{""kind"": ""cold_count_day"", ""model_id"": ""P1-D1"", ""temperature"": 22, ""variable"": ""tmin_c""}",5.090909091,2022;2023;2024;2025,hongming_2022;hongming_2023;hongming_2024,nested_training_year_cv
bannei_early_sensitivity_P1_P1-D1_rolling_2026,rolling,2026,P1-D1,luhong,41.5,"{""kind"": ""cold_count_day"", ""model_id"": ""P1-D1"", ""temperature"": 22, ""variable"": ""tmin_c""}",5.090909091,2022;2023;2024;2025,luhong_2022;luhong_2023;luhong_2024;luhong_2025,nested_training_year_cv
bannei_early_sensitivity_P1_P1-D2_rolling_2026,rolling,2026,P1-D2,bannei,59.45,"{""kind"": ""cold_degree_day"", ""model_id"": ""P1-D2"", ""temperature"": 20}",18.36363636,2022;2023;2024;2025,bannei_2022;bannei_2023;bannei_2024;bannei_2025,nested_training_year_cv
bannei_early_sensitivity_P1_P1-D2_rolling_2026,rolling,2026,P1-D2,hongming,54.3,"{""kind"": ""cold_degree_day"", ""model_id"": ""P1-D2"", ""temperature"": 20}",18.36363636,2022;2023;2024;2025,hongming_2022;hongming_2023;hongming_2024,nested_training_year_cv
bannei_early_sensitivity_P1_P1-D2_rolling_2026,rolling,2026,P1-D2,luhong,19.3,"{""kind"": ""cold_degree_day"", ""model_id"": ""P1-D2"", ""temperature"": 20}",18.36363636,2022;2023;2024;2025,luhong_2022;luhong_2023;luhong_2024;luhong_2025,nested_training_year_cv
bannei_early_sensitivity_P1_P1-H1_rolling_2026,rolling,2026,P1-H1,bannei,1220.5,"{""kind"": ""cold_count_hour"", ""model_id"": ""P1-H1"", ""temperature"": 22}",7,2022;2023;2024;2025,bannei_2022;bannei_2023;bannei_2024;bannei_2025,nested_training_year_cv
bannei_early_sensitivity_P1_P1-H1_rolling_2026,rolling,2026,P1-H1,hongming,1018,"{""kind"": ""cold_count_hour"", ""model_id"": ""P1-H1"", ""temperature"": 22}",7,2022;2023;2024;2025,hongming_2022;hongming_2023;hongming_2024,nested_training_year_cv
bannei_early_sensitivity_P1_P1-H1_rolling_2026,rolling,2026,P1-H1,luhong,647.5,"{""kind"": ""cold_count_hour"", ""model_id"": ""P1-H1"", ""temperature"": 22}",7,2022;2023;2024;2025,luhong_2022;luhong_2023;luhong_2024;luhong_2025,nested_training_year_cv
bannei_early_sensitivity_P1_P1-H2_rolling_2026,rolling,2026,P1-H2,bannei,481.25,"{""kind"": ""cold_degree_hour"", ""model_id"": ""P1-H2"", ""temperature"": 18}",17.18181818,2022;2023;2024;2025,bannei_2022;bannei_2023;bannei_2024;bannei_2025,nested_training_year_cv
bannei_early_sensitivity_P1_P1-H2_rolling_2026,rolling,2026,P1-H2,hongming,601.1,"{""kind"": ""cold_degree_hour"", ""model_id"": ""P1-H2"", ""temperature"": 18}",17.18181818,2022;2023;2024;2025,hongming_2022;hongming_2023;hongming_2024,nested_training_year_cv
bannei_early_sensitivity_P1_P1-H2_rolling_2026,rolling,2026,P1-H2,luhong,141.75,"{""kind"": ""cold_degree_hour"", ""model_id"": ""P1-H2"", ""temperature"": 18}",17.18181818,2022;2023;2024;2025,luhong_2022;luhong_2023;luhong_2024;luhong_2025,nested_training_year_cv
bannei_early_sensitivity_P1_P1-H3_rolling_2026,rolling,2026,P1-H3,bannei,596.0423077,"{""kind"": ""triangular_hour"", ""lower"": 5, ""model_id"": ""P1-H3"", ""optimum"": 12, ""upper"": 25}",8,2022;2023;2024;2025,bannei_2022;bannei_2023;bannei_2024;bannei_2025,nested_training_year_cv
bannei_early_sensitivity_P1_P1-H3_rolling_2026,rolling,2026,P1-H3,hongming,552.0461538,"{""kind"": ""triangular_hour"", ""lower"": 5, ""model_id"": ""P1-H3"", ""optimum"": 12, ""upper"": 25}",8,2022;2023;2024;2025,hongming_2022;hongming_2023;hongming_2024,nested_training_year_cv
bannei_early_sensitivity_P1_P1-H3_rolling_2026,rolling,2026,P1-H3,luhong,328.0346154,"{""kind"": ""triangular_hour"", ""lower"": 5, ""model_id"": ""P1-H3"", ""optimum"": 12, ""upper"": 25}",8,2022;2023;2024;2025,luhong_2022;luhong_2023;luhong_2024;luhong_2025,nested_training_year_cv
